date,combined_pnl,combined_cumulative,tyl_vip_pnl,tyl_vip_cumulative,tyl_trading_pnl,tyl_trading_cumulative,sinais_mil_pnl,sinais_mil_cumulative,blacklist_pnl,blacklist_cumulative
2021-11-28,58.71,58.71,0,0.0,0,0.0,0,0.0,58.71,58.71
2021-12-11,-15.0,43.71,0,0.0,0,0.0,0,0.0,-15.0,43.71
2021-12-12,55.45,99.16,0,0.0,0,0.0,0,0.0,55.45,99.16
2021-12-18,19.84,119.0,0,0.0,0,0.0,0,0.0,19.84,119.0
2021-12-19,39.95,158.95,0,0.0,0,0.0,0,0.0,39.95,158.95
2021-12-21,59.26,218.21,0,0.0,0,0.0,0,0.0,59.26,218.21
2022-01-22,61.07,279.28,0,0.0,0,0.0,0,0.0,61.07,279.28
2022-01-29,63.49,342.77,0,0.0,0,0.0,0,0.0,63.49,342.77
2022-01-30,65.89,408.66,0,0.0,0,0.0,0,0.0,65.89,408.66
2022-02-04,22.56,431.22,0,0.0,0,0.0,0,0.0,22.56,431.22
2022-02-05,64.08,495.3,0,0.0,0,0.0,0,0.0,64.08,495.3
2022-02-06,37.87,533.17,0,0.0,0,0.0,0,0.0,37.87,533.17
2022-03-05,65.87,599.04,0,0.0,0,0.0,0,0.0,65.87,599.04
2022-03-25,13.2,612.24,0,0.0,0,0.0,0,0.0,13.2,612.24
2022-03-26,65.89,678.13,0,0.0,0,0.0,0,0.0,65.89,678.13
2022-03-27,63.33,741.46,0,0.0,0,0.0,0,0.0,63.33,741.46
2022-04-02,86.23,827.69,0,0.0,0,0.0,0,0.0,86.23,827.69
2022-04-03,35.76,863.45,0,0.0,0,0.0,0,0.0,35.76,863.45
2022-04-08,19.84,883.29,0,0.0,0,0.0,0,0.0,19.84,883.29
2022-04-09,73.22,956.51,0,0.0,0,0.0,0,0.0,73.22,956.51
2022-04-10,21.68,978.19,0,0.0,0,0.0,0,0.0,21.68,978.19
2022-04-15,35.76,1013.95,0,0.0,0,0.0,0,0.0,35.76,1013.95
2022-04-16,46.48,1060.43,0,0.0,0,0.0,0,0.0,46.48,1060.43
2022-04-17,48.84,1109.27,0,0.0,0,0.0,0,0.0,48.84,1109.27
2022-04-22,19.84,1129.11,0,0.0,0,0.0,0,0.0,19.84,1129.11
2022-04-23,69.54,1198.65,0,0.0,0,0.0,0,0.0,69.54,1198.65
2022-04-24,19.84,1218.49,0,0.0,0,0.0,0,0.0,19.84,1218.49
2022-04-29,21.68,1240.17,0,0.0,0,0.0,0,0.0,21.68,1240.17
2022-04-30,61.96,1302.13,0,0.0,0,0.0,0,0.0,61.96,1302.13
2022-05-06,28.49,1330.62,0,0.0,0,0.0,0,0.0,28.49,1330.62
2022-05-07,61.91,1392.53,0,0.0,0,0.0,0,0.0,61.91,1392.53
2022-05-08,58.05,1450.58,0,0.0,0,0.0,0,0.0,58.05,1450.58
2022-05-20,3.52,1454.1,0,0.0,0,0.0,0,0.0,3.52,1454.1
2022-05-21,78.71,1532.81,0,0.0,0,0.0,0,0.0,78.71,1532.81
2022-05-28,78.55,1611.36,0,0.0,0,0.0,0,0.0,78.55,1611.36
2022-06-03,19.84,1631.2,0,0.0,0,0.0,0,0.0,19.84,1631.2
2022-06-04,79.43,1710.63,0,0.0,0,0.0,0,0.0,79.43,1710.63
2022-06-05,19.84,1730.47,0,0.0,0,0.0,0,0.0,19.84,1730.47
2022-06-10,35.76,1766.23,0,0.0,0,0.0,0,0.0,35.76,1766.23
2022-06-11,60.07,1826.3,0,0.0,0,0.0,0,0.0,60.07,1826.3
2022-06-12,60.07,1886.37,0,0.0,0,0.0,0,0.0,60.07,1886.37
2022-06-17,13.2,1899.57,0,0.0,0,0.0,0,0.0,13.2,1899.57
2022-06-18,72.39,1971.96,0,0.0,0,0.0,0,0.0,72.39,1971.96
2022-06-19,13.2,1985.16,0,0.0,0,0.0,0,0.0,13.2,1985.16
2022-07-03,62.71,2047.87,0,0.0,0,0.0,0,0.0,62.71,2047.87
2022-07-26,13.2,2061.07,0,0.0,0,0.0,0,0.0,13.2,2061.07
2022-07-27,35.76,2096.83,0,0.0,0,0.0,0,0.0,35.76,2096.83
2022-07-28,13.2,2110.03,0,0.0,0,0.0,0,0.0,13.2,2110.03
2022-07-29,13.2,2123.23,0,0.0,0,0.0,0,0.0,13.2,2123.23
2022-08-03,19.84,2143.07,0,0.0,0,0.0,0,0.0,19.84,2143.07
2022-08-06,22.56,2165.63,0,0.0,0,0.0,0,0.0,22.56,2165.63
2022-08-25,59.41,2225.04,0,0.0,0,0.0,36.85,36.85,22.56,2188.19
2022-08-26,25.54,2250.58,0,0.0,0,0.0,25.54,62.39,0,2188.19
2022-08-29,26.75,2277.33,0,0.0,0,0.0,26.75,89.14,0,2188.19
2022-08-30,10.88,2288.21,0,0.0,0,0.0,10.88,100.02,0,2188.19
2022-08-31,30.65,2318.86,0,0.0,0,0.0,30.65,130.67,0,2188.19
2022-09-05,25.61,2344.47,0,0.0,0,0.0,25.61,156.28,0,2188.19
2022-09-06,25.25,2369.72,0,0.0,0,0.0,25.25,181.53,0,2188.19
2022-09-07,11.89,2381.61,0,0.0,0,0.0,11.89,193.42,0,2188.19
2022-09-08,1.45,2383.06,0,0.0,0,0.0,1.45,194.87,0,2188.19
2022-09-09,34.44,2417.5,0,0.0,0,0.0,34.44,229.31,0,2188.19
2022-09-12,18.36,2435.86,0,0.0,0,0.0,18.36,247.67,0,2188.19
2022-09-13,34.67,2470.53,0,0.0,0,0.0,34.67,282.34,0,2188.19
2022-09-14,23.96,2494.49,0,0.0,0,0.0,23.96,306.3,0,2188.19
2022-09-15,14.18,2508.67,0,0.0,0,0.0,14.18,320.48,0,2188.19
2022-09-16,11.89,2520.56,0,0.0,0,0.0,11.89,332.37,0,2188.19
2022-09-19,31.44,2552.0,0,0.0,0,0.0,31.44,363.81,0,2188.19
2022-09-20,32.1,2584.1,0,0.0,0,0.0,32.1,395.91,0,2188.19
2022-09-21,27.25,2611.35,0,0.0,0,0.0,27.25,423.16,0,2188.19
2022-09-22,23.29,2634.64,0,0.0,0,0.0,23.29,446.45,0,2188.19
2022-09-23,32.11,2666.75,0,0.0,0,0.0,32.11,478.56,0,2188.19
2022-09-26,30.9,2697.65,0,0.0,0,0.0,30.9,509.46,0,2188.19
2022-09-27,33.6,2731.25,0,0.0,0,0.0,33.6,543.06,0,2188.19
2022-09-28,31.44,2762.69,0,0.0,0,0.0,31.44,574.5,0,2188.19
2022-09-29,21.58,2784.27,0,0.0,0,0.0,21.58,596.08,0,2188.19
2022-09-30,19.47,2803.74,0,0.0,0,0.0,19.47,615.55,0,2188.19
2022-10-03,25.16,2828.9,0,0.0,0,0.0,25.16,640.71,0,2188.19
2022-10-04,37.0,2865.9,0,0.0,0,0.0,37.0,677.71,0,2188.19
2022-10-05,34.6,2900.5,0,0.0,0,0.0,34.6,712.31,0,2188.19
2022-10-06,29.74,2930.24,0,0.0,0,0.0,29.74,742.05,0,2188.19
2022-10-07,32.18,2962.42,0,0.0,0,0.0,32.18,774.23,0,2188.19
2022-10-10,32.96,2995.38,0,0.0,0,0.0,32.96,807.19,0,2188.19
2022-10-11,32.14,3027.52,0,0.0,0,0.0,32.14,839.33,0,2188.19
2022-10-12,27.8,3055.32,0,0.0,0,0.0,27.8,867.13,0,2188.19
2022-10-13,33.2,3088.52,0,0.0,0,0.0,33.2,900.33,0,2188.19
2022-10-14,32.96,3121.48,0,0.0,0,0.0,32.96,933.29,0,2188.19
2022-10-17,35.6,3157.08,0,0.0,0,0.0,35.6,968.89,0,2188.19
2022-10-18,34.32,3191.4,0,0.0,0,0.0,34.32,1003.21,0,2188.19
2022-10-19,32.2,3223.6,0,0.0,0,0.0,32.2,1035.41,0,2188.19
2022-10-20,31.32,3254.92,0,0.0,0,0.0,31.32,1066.73,0,2188.19
2022-10-21,29.34,3284.26,0,0.0,0,0.0,29.34,1096.07,0,2188.19
2022-10-24,21.24,3305.5,0,0.0,0,0.0,21.24,1117.31,0,2188.19
2022-10-25,25.56,3331.06,0,0.0,0,0.0,25.56,1142.87,0,2188.19
2022-10-26,32.66,3363.72,0,0.0,0,0.0,32.66,1175.53,0,2188.19
2022-10-27,10.78,3374.5,0,0.0,0,0.0,10.78,1186.31,0,2188.19
2022-10-28,33.96,3408.46,0,0.0,0,0.0,33.96,1220.27,0,2188.19
2022-10-31,30.01,3438.47,0,0.0,0,0.0,30.01,1250.28,0,2188.19
2022-11-01,27.08,3465.55,0,0.0,0,0.0,27.08,1277.36,0,2188.19
2022-11-02,38.24,3503.79,0,0.0,0,0.0,38.24,1315.6,0,2188.19
2022-11-03,39.0,3542.79,0,0.0,0,0.0,39.0,1354.6,0,2188.19
2022-11-04,37.24,3580.03,0,0.0,0,0.0,37.24,1391.84,0,2188.19
2022-11-07,23.87,3603.9,0,0.0,0,0.0,23.87,1415.71,0,2188.19
2022-11-08,35.2,3639.1,0,0.0,0,0.0,35.2,1450.91,0,2188.19
2022-11-09,36.06,3675.16,0,0.0,0,0.0,36.06,1486.97,0,2188.19
2022-11-10,32.79,3707.95,0,0.0,0,0.0,32.79,1519.76,0,2188.19
2022-11-11,37.73,3745.68,0,0.0,0,0.0,37.73,1557.49,0,2188.19
2022-11-14,24.15,3769.83,0,0.0,0,0.0,24.15,1581.64,0,2188.19
2022-11-15,22.34,3792.17,0,0.0,0,0.0,22.34,1603.98,0,2188.19
2022-11-16,34.21,3826.38,0,0.0,0,0.0,34.21,1638.19,0,2188.19
2022-11-17,32.2,3858.58,0,0.0,0,0.0,32.2,1670.39,0,2188.19
2022-11-18,28.26,3886.84,0,0.0,0,0.0,28.26,1698.65,0,2188.19
2022-11-21,34.33,3921.17,0,0.0,0,0.0,34.33,1732.98,0,2188.19
2022-11-22,23.44,3944.61,0,0.0,0,0.0,23.44,1756.42,0,2188.19
2022-11-23,28.71,3973.32,0,0.0,0,0.0,28.71,1785.13,0,2188.19
2022-11-28,28.32,4001.64,0,0.0,0,0.0,28.32,1813.45,0,2188.19
2022-11-29,31.32,4032.96,0,0.0,0,0.0,31.32,1844.77,0,2188.19
2022-11-30,32.32,4065.28,0,0.0,0,0.0,32.32,1877.09,0,2188.19
2022-12-01,27.58,4092.86,0,0.0,0,0.0,27.58,1904.67,0,2188.19
2022-12-02,25.87,4118.73,0,0.0,0,0.0,25.87,1930.54,0,2188.19
2022-12-05,36.17,4154.9,0,0.0,0,0.0,36.17,1966.71,0,2188.19
2022-12-06,23.36,4178.26,0,0.0,0,0.0,23.36,1990.07,0,2188.19
2022-12-07,31.04,4209.3,0,0.0,0,0.0,31.04,2021.11,0,2188.19
2022-12-12,26.38,4235.68,0,0.0,0,0.0,26.38,2047.49,0,2188.19
2022-12-14,28.46,4264.14,0,0.0,0,0.0,28.46,2075.95,0,2188.19
2022-12-19,33.45,4297.59,0,0.0,0,0.0,33.45,2109.4,0,2188.19
2022-12-20,33.84,4331.43,0,0.0,0,0.0,33.84,2143.24,0,2188.19
2022-12-21,29.23,4360.66,0,0.0,0,0.0,29.23,2172.47,0,2188.19
2022-12-22,32.09,4392.75,0,0.0,0,0.0,32.09,2204.56,0,2188.19
2022-12-23,28.38,4421.13,0,0.0,0,0.0,28.38,2232.94,0,2188.19
2022-12-27,27.41,4448.54,0,0.0,0,0.0,27.41,2260.35,0,2188.19
2022-12-29,27.25,4475.79,0,0.0,0,0.0,27.25,2287.6,0,2188.19
2023-01-02,25.07,4500.86,0,0.0,0,0.0,25.07,2312.67,0,2188.19
2023-01-03,24.97,4525.83,0,0.0,0,0.0,24.97,2337.64,0,2188.19
2023-01-04,30.77,4556.6,0,0.0,0,0.0,30.77,2368.41,0,2188.19
2023-01-05,29.82,4586.42,0,0.0,0,0.0,29.82,2398.23,0,2188.19
2023-01-06,38.61,4625.03,0,0.0,0,0.0,38.61,2436.84,0,2188.19
2023-01-10,31.8,4656.83,0,0.0,0,0.0,31.8,2468.64,0,2188.19
2023-01-12,30.78,4687.61,0,0.0,0,0.0,30.78,2499.42,0,2188.19
2023-01-13,38.36,4725.97,0,0.0,0,0.0,38.36,2537.78,0,2188.19
2023-01-16,33.08,4759.05,0,0.0,0,0.0,33.08,2570.86,0,2188.19
2023-01-17,28.56,4787.61,0,0.0,0,0.0,28.56,2599.42,0,2188.19
2023-01-19,30.77,4818.38,0,0.0,0,0.0,30.77,2630.19,0,2188.19
2023-01-20,16.08,4834.46,0,0.0,0,0.0,16.08,2646.27,0,2188.19
2023-01-23,22.7,4857.16,0,0.0,0,0.0,22.7,2668.97,0,2188.19
2023-01-24,28.13,4885.29,0,0.0,0,0.0,28.13,2697.1,0,2188.19
2023-01-26,34.08,4919.37,0,0.0,0,0.0,34.08,2731.18,0,2188.19
2023-01-27,19.97,4939.34,0,0.0,0,0.0,19.97,2751.15,0,2188.19
2023-01-30,18.14,4957.48,0,0.0,0,0.0,18.14,2769.29,0,2188.19
2023-01-31,30.78,4988.26,0,0.0,0,0.0,30.78,2800.07,0,2188.19
2023-02-01,31.89,5020.15,0,0.0,0,0.0,31.89,2831.96,0,2188.19
2023-02-02,26.31,5046.46,0,0.0,0,0.0,26.31,2858.27,0,2188.19
2023-02-07,29.81,5076.27,0,0.0,0,0.0,29.81,2888.08,0,2188.19
2023-02-08,28.9,5105.17,0,0.0,0,0.0,28.9,2916.98,0,2188.19
2023-02-10,16.91,5122.08,0,0.0,0,0.0,16.91,2933.89,0,2188.19
2023-02-14,20.91,5142.99,0,0.0,0,0.0,20.91,2954.8,0,2188.19
2023-02-15,19.89,5162.88,0,0.0,0,0.0,19.89,2974.69,0,2188.19
2023-02-20,33.45,5196.33,0,0.0,0,0.0,33.45,3008.14,0,2188.19
2023-02-21,22.48,5218.81,0,0.0,0,0.0,22.48,3030.62,0,2188.19
2023-02-23,25.56,5244.37,0,0.0,0,0.0,25.56,3056.18,0,2188.19
2023-02-24,27.27,5271.64,0,0.0,0,0.0,27.27,3083.45,0,2188.19
2023-02-27,36.48,5308.12,0,0.0,0,0.0,36.48,3119.93,0,2188.19
2023-02-28,33.68,5341.8,0,0.0,0,0.0,33.68,3153.61,0,2188.19
2023-03-02,32.08,5373.88,0,0.0,0,0.0,32.08,3185.69,0,2188.19
2023-03-03,33.42,5407.3,0,0.0,0,0.0,33.42,3219.11,0,2188.19
2023-03-06,27.47,5434.77,0,0.0,0,0.0,27.47,3246.58,0,2188.19
2023-03-08,27.54,5462.31,0,0.0,0,0.0,27.54,3274.12,0,2188.19
2023-03-09,22.14,5484.45,0,0.0,0,0.0,22.14,3296.26,0,2188.19
2023-03-10,18.14,5502.59,0,0.0,0,0.0,18.14,3314.4,0,2188.19
2023-03-13,24.66,5527.25,0,0.0,0,0.0,24.66,3339.06,0,2188.19
2023-03-14,26.69,5553.94,0,0.0,0,0.0,26.69,3365.75,0,2188.19
2023-03-15,32.83,5586.77,0,0.0,0,0.0,32.83,3398.58,0,2188.19
2023-03-16,27.29,5614.06,0,0.0,0,0.0,27.29,3425.87,0,2188.19
2023-03-17,32.66,5646.72,0,0.0,0,0.0,32.66,3458.53,0,2188.19
2023-03-20,30.16,5676.88,0,0.0,0,0.0,30.16,3488.69,0,2188.19
2023-03-21,29.01,5705.89,0,0.0,0,0.0,29.01,3517.7,0,2188.19
2023-03-22,29.25,5735.14,0,0.0,0,0.0,29.25,3546.95,0,2188.19
2023-03-23,29.49,5764.63,0,0.0,0,0.0,29.49,3576.44,0,2188.19
2023-03-28,27.37,5792.0,0,0.0,0,0.0,27.37,3603.81,0,2188.19
2023-03-30,32.57,5824.57,0,0.0,0,0.0,32.57,3636.38,0,2188.19
2023-04-03,24.29,5848.86,0,0.0,0,0.0,24.29,3660.67,0,2188.19
2023-04-10,34.53,5883.39,0,0.0,0,0.0,34.53,3695.2,0,2188.19
2023-04-11,31.32,5914.71,0,0.0,0,0.0,31.32,3726.52,0,2188.19
2023-04-12,28.38,5943.09,0,0.0,0,0.0,28.38,3754.9,0,2188.19
2023-04-17,22.54,5965.63,0,0.0,0,0.0,22.54,3777.44,0,2188.19
2023-04-18,33.45,5999.08,0,0.0,0,0.0,33.45,3810.89,0,2188.19
2023-04-19,29.81,6028.89,0,0.0,0,0.0,29.81,3840.7,0,2188.19
2023-04-20,22.83,6051.72,0,0.0,0,0.0,22.83,3863.53,0,2188.19
2023-04-24,29.51,6081.23,0,0.0,0,0.0,29.51,3893.04,0,2188.19
2023-04-25,23.63,6104.86,0,0.0,0,0.0,23.63,3916.67,0,2188.19
2023-05-03,12.51,6117.37,0,0.0,0,0.0,12.51,3929.18,0,2188.19
2023-05-04,29.93,6147.3,0,0.0,0,0.0,29.93,3959.11,0,2188.19
2023-05-09,21.31,6168.61,0,0.0,0,0.0,21.31,3980.42,0,2188.19
2023-05-10,28.41,6197.02,0,0.0,0,0.0,28.41,4008.83,0,2188.19
2023-05-15,12.77,6209.79,0,0.0,0,0.0,12.77,4021.6,0,2188.19
2023-05-16,23.2,6232.99,0,0.0,0,0.0,23.2,4044.8,0,2188.19
2023-05-18,25.84,6258.83,0,0.0,0,0.0,25.84,4070.64,0,2188.19
2023-05-19,20.25,6279.08,0,0.0,0,0.0,20.25,4090.89,0,2188.19
2023-05-22,14.89,6293.97,0,0.0,0,0.0,14.89,4105.78,0,2188.19
2023-05-24,26.65,6320.62,0,0.0,0,0.0,26.65,4132.43,0,2188.19
2023-05-26,4.33,6324.95,0,0.0,0,0.0,4.33,4136.76,0,2188.19
2023-05-30,18.87,6343.82,0,0.0,0,0.0,18.87,4155.63,0,2188.19
2023-05-31,33.08,6376.9,0,0.0,0,0.0,33.08,4188.71,0,2188.19
2023-06-01,26.67,6403.57,0,0.0,0,0.0,26.67,4215.38,0,2188.19
2023-06-12,34.44,6438.01,0,0.0,0,0.0,34.44,4249.82,0,2188.19
2023-06-14,-5.0,6433.01,0,0.0,0,0.0,-5.0,4244.82,0,2188.19
2023-06-15,24.54,6457.55,0,0.0,0,0.0,24.54,4269.36,0,2188.19
2023-06-16,34.33,6491.88,0,0.0,0,0.0,34.33,4303.69,0,2188.19
2023-06-19,31.9,6523.78,0,0.0,0,0.0,31.9,4335.59,0,2188.19
2023-06-20,23.37,6547.15,0,0.0,0,0.0,23.37,4358.96,0,2188.19
2023-06-21,35.09,6582.24,0,0.0,0,0.0,35.09,4394.05,0,2188.19
2023-06-23,32.08,6614.32,0,0.0,0,0.0,32.08,4426.13,0,2188.19
2023-06-26,32.2,6646.52,0,0.0,0,0.0,32.2,4458.33,0,2188.19
2023-06-27,24.72,6671.24,0,0.0,0,0.0,24.72,4483.05,0,2188.19
2023-06-29,36.73,6707.97,0,0.0,0,0.0,36.73,4519.78,0,2188.19
2023-07-03,33.54,6741.51,0,0.0,0,0.0,33.54,4553.32,0,2188.19
2023-07-05,39.72,6781.23,0,0.0,0,0.0,39.72,4593.04,0,2188.19
2023-07-10,30.84,6812.07,0,0.0,0,0.0,30.84,4623.88,0,2188.19
2023-07-19,37.82,6849.89,0,0.0,0,0.0,37.82,4661.7,0,2188.19
2023-07-21,26.05,6875.94,0,0.0,0,0.0,26.05,4687.75,0,2188.19
2023-07-24,35.36,6911.3,0,0.0,0,0.0,35.36,4723.11,0,2188.19
2023-07-27,27.92,6939.22,0,0.0,0,0.0,27.92,4751.03,0,2188.19
2023-07-28,29.21,6968.43,0,0.0,0,0.0,29.21,4780.24,0,2188.19
2023-07-31,30.16,6998.59,0,0.0,0,0.0,30.16,4810.4,0,2188.19
2023-08-04,35.15,7033.74,0,0.0,0,0.0,35.15,4845.55,0,2188.19
2023-08-09,32.13,7065.87,0,0.0,0,0.0,32.13,4877.68,0,2188.19
2023-08-14,30.57,7096.44,0,0.0,0,0.0,30.57,4908.25,0,2188.19
2023-08-21,24.85,7121.29,0,0.0,0,0.0,24.85,4933.1,0,2188.19
2023-08-29,35.18,7156.47,0,0.0,0,0.0,35.18,4968.28,0,2188.19
2023-09-05,31.13,7187.6,0,0.0,0,0.0,31.13,4999.41,0,2188.19
2023-09-13,-5.0,7182.6,0,0.0,0,0.0,-5.0,4994.41,0,2188.19
2023-09-18,30.56,7213.16,0,0.0,0,0.0,30.56,5024.97,0,2188.19
2023-09-25,-5.0,7208.16,0,0.0,0,0.0,-5.0,5019.97,0,2188.19
2023-09-26,20.38,7228.54,0,0.0,0,0.0,20.38,5040.35,0,2188.19
2023-10-09,-1.58,7226.96,0,0.0,0,0.0,-1.58,5038.77,0,2188.19
2023-10-11,29.56,7256.52,0,0.0,0,0.0,29.56,5068.33,0,2188.19
2023-10-12,20.25,7276.77,0,0.0,0,0.0,20.25,5088.58,0,2188.19
2023-10-17,29.17,7305.94,0,0.0,0,0.0,29.17,5117.75,0,2188.19
2023-10-18,27.5,7333.44,0,0.0,0,0.0,27.5,5145.25,0,2188.19
2023-10-19,32.56,7366.0,0,0.0,0,0.0,32.56,5177.81,0,2188.19
2023-10-31,27.59,7393.59,0,0.0,0,0.0,27.59,5205.4,0,2188.19
2023-11-06,32.89,7426.48,0,0.0,0,0.0,32.89,5238.29,0,2188.19
2023-11-08,32.2,7458.68,0,0.0,0,0.0,32.2,5270.49,0,2188.19
2023-11-20,32.34,7491.02,0,0.0,0,0.0,32.34,5302.83,0,2188.19
2023-11-21,30.53,7521.55,0,0.0,0,0.0,30.53,5333.36,0,2188.19
2023-11-27,27.49,7549.04,0,0.0,0,0.0,27.49,5360.85,0,2188.19
2023-11-29,31.57,7580.61,0,0.0,0,0.0,31.57,5392.42,0,2188.19
2023-11-30,33.08,7613.69,0,0.0,0,0.0,33.08,5425.5,0,2188.19
2023-12-04,30.44,7644.13,0,0.0,0,0.0,30.44,5455.94,0,2188.19
2023-12-07,21.26,7665.39,0,0.0,0,0.0,21.26,5477.2,0,2188.19
2023-12-12,23.0,7688.39,0,0.0,0,0.0,23.0,5500.2,0,2188.19
2023-12-13,33.87,7722.26,0,0.0,0,0.0,33.87,5534.07,0,2188.19
2023-12-14,35.09,7757.35,0,0.0,0,0.0,35.09,5569.16,0,2188.19
2024-01-03,33.16,7790.51,0,0.0,0,0.0,33.16,5602.32,0,2188.19
2024-01-04,18.76,7809.27,0,0.0,0,0.0,18.76,5621.08,0,2188.19
2024-01-08,23.24,7832.51,0,0.0,0,0.0,23.24,5644.32,0,2188.19
2024-01-10,-10.0,7822.51,0,0.0,0,0.0,-10.0,5634.32,0,2188.19
2024-01-15,29.35,7851.86,0,0.0,0,0.0,29.35,5663.67,0,2188.19
2024-01-18,24.99,7876.85,0,0.0,0,0.0,24.99,5688.66,0,2188.19
2024-01-23,29.44,7906.29,0,0.0,0,0.0,29.44,5718.1,0,2188.19
2024-01-24,34.56,7940.85,0,0.0,0,0.0,34.56,5752.66,0,2188.19
2024-01-25,17.47,7958.32,0,0.0,0,0.0,17.47,5770.13,0,2188.19
2024-02-06,26.04,7984.36,0,0.0,0,0.0,26.04,5796.17,0,2188.19
2024-02-07,25.71,8010.07,0,0.0,0,0.0,25.71,5821.88,0,2188.19
2024-02-08,16.63,8026.7,0,0.0,0,0.0,16.63,5838.51,0,2188.19
2024-02-26,33.21,8059.91,0,0.0,0,0.0,33.21,5871.72,0,2188.19
2024-02-27,27.3,8087.21,0,0.0,0,0.0,27.3,5899.02,0,2188.19
2024-03-04,22.81,8110.02,0,0.0,0,0.0,22.81,5921.83,0,2188.19
2024-03-05,28.8,8138.82,0,0.0,0,0.0,28.8,5950.63,0,2188.19
2024-03-11,32.13,8170.95,0,0.0,0,0.0,32.13,5982.76,0,2188.19
2024-03-18,29.91,8200.86,0,0.0,0,0.0,29.91,6012.67,0,2188.19
2024-03-19,35.51,8236.37,0,0.0,0,0.0,35.51,6048.18,0,2188.19
2024-04-01,26.49,8262.86,0,0.0,0,0.0,26.49,6074.67,0,2188.19
2024-04-04,26.13,8288.99,0,0.0,0,0.0,26.13,6100.8,0,2188.19
2024-04-10,26.58,8315.57,0,0.0,0,0.0,26.58,6127.38,0,2188.19
2024-04-11,29.37,8344.94,0,0.0,0,0.0,29.37,6156.75,0,2188.19
2024-04-16,27.8,8372.74,0,0.0,0,0.0,27.8,6184.55,0,2188.19
2024-04-17,28.27,8401.01,0,0.0,0,0.0,28.27,6212.82,0,2188.19
2025-01-20,22.1,8423.11,0,0.0,22.1,22.1,0,6212.82,0,2188.19
2025-01-21,24.25,8447.36,0,0.0,24.25,46.35,0,6212.82,0,2188.19
2025-01-22,26.43,8473.79,0,0.0,26.43,72.78,0,6212.82,0,2188.19
2025-01-23,10.96,8484.75,0,0.0,10.96,83.74,0,6212.82,0,2188.19
2025-01-24,22.91,8507.66,0,0.0,22.91,106.65,0,6212.82,0,2188.19
2025-01-25,23.29,8530.95,0,0.0,23.29,129.94,0,6212.82,0,2188.19
2025-01-26,16.16,8547.11,0,0.0,16.16,146.1,0,6212.82,0,2188.19
2025-01-27,23.03,8570.14,0,0.0,23.03,169.13,0,6212.82,0,2188.19
2025-01-28,20.85,8590.99,0,0.0,20.85,189.98,0,6212.82,0,2188.19
2025-01-29,21.27,8612.26,0,0.0,21.27,211.25,0,6212.82,0,2188.19
2025-01-30,19.8,8632.06,0,0.0,19.8,231.05,0,6212.82,0,2188.19
2025-01-31,23.03,8655.09,0,0.0,23.03,254.08,0,6212.82,0,2188.19
2025-02-01,21.27,8676.36,0,0.0,21.27,275.35,0,6212.82,0,2188.19
2025-02-02,11.5,8687.86,0,0.0,11.5,286.85,0,6212.82,0,2188.19
2025-02-03,16.12,8703.98,0,0.0,16.12,302.97,0,6212.82,0,2188.19
2025-02-04,23.03,8727.01,0,0.0,23.03,326.0,0,6212.82,0,2188.19
2025-02-05,21.27,8748.28,0,0.0,21.27,347.27,0,6212.82,0,2188.19
2025-02-06,4.64,8752.92,0,0.0,4.64,351.91,0,6212.82,0,2188.19
2025-02-07,19.09,8772.01,0,0.0,19.09,371.0,0,6212.82,0,2188.19
2025-02-08,12.66,8784.67,0,0.0,12.66,383.66,0,6212.82,0,2188.19
2025-02-09,18.51,8803.18,0,0.0,18.51,402.17,0,6212.82,0,2188.19
2025-02-10,24.44,8827.62,0,0.0,24.44,426.61,0,6212.82,0,2188.19
2025-02-11,14.88,8842.5,0,0.0,14.88,441.49,0,6212.82,0,2188.19
2025-02-12,15.76,8858.26,0,0.0,15.76,457.25,0,6212.82,0,2188.19
2025-02-13,15.76,8874.02,0,0.0,15.76,473.01,0,6212.82,0,2188.19
2025-02-14,21.83,8895.85,0,0.0,21.83,494.84,0,6212.82,0,2188.19
2025-02-15,14.76,8910.61,0,0.0,14.76,509.6,0,6212.82,0,2188.19
2025-02-16,14.88,8925.49,0,0.0,14.88,524.48,0,6212.82,0,2188.19
2025-02-17,18.09,8943.58,0,0.0,18.09,542.57,0,6212.82,0,2188.19
2025-02-18,15.76,8959.34,0,0.0,15.76,558.33,0,6212.82,0,2188.19
2025-02-19,21.83,8981.17,0,0.0,21.83,580.16,0,6212.82,0,2188.19
2025-02-20,14.76,8995.93,0,0.0,14.76,594.92,0,6212.82,0,2188.19
2025-02-21,19.51,9015.44,0,0.0,19.51,614.43,0,6212.82,0,2188.19
2025-02-22,15.76,9031.2,0,0.0,15.76,630.19,0,6212.82,0,2188.19
2025-02-23,15.76,9046.96,0,0.0,15.76,645.95,0,6212.82,0,2188.19
2025-02-24,13.96,9060.92,0,0.0,13.96,659.91,0,6212.82,0,2188.19
2025-02-25,19.36,9080.28,0,0.0,19.36,679.27,0,6212.82,0,2188.19
2025-02-26,18.56,9098.84,0,0.0,18.56,697.83,0,6212.82,0,2188.19
2025-02-27,14.76,9113.6,0,0.0,14.76,712.59,0,6212.82,0,2188.19
2025-02-28,21.53,9135.13,0,0.0,21.53,734.12,0,6212.82,0,2188.19
2025-03-01,12.88,9148.01,0,0.0,12.88,747.0,0,6212.82,0,2188.19
2025-03-02,5.4,9153.41,0,0.0,5.4,752.4,0,6212.82,0,2188.19
2025-03-03,20.39,9173.8,0,0.0,20.39,772.79,0,6212.82,0,2188.19
2025-03-04,14.88,9188.68,0,0.0,14.88,787.67,0,6212.82,0,2188.19
2025-03-05,17.08,9205.76,0,0.0,17.08,804.75,0,6212.82,0,2188.19
2025-03-06,3.03,9208.79,0,0.0,3.03,807.78,0,6212.82,0,2188.19
2025-03-07,15.76,9224.55,0,0.0,15.76,823.54,0,6212.82,0,2188.19
2025-03-08,14.88,9239.43,0,0.0,14.88,838.42,0,6212.82,0,2188.19
2025-03-09,15.76,9255.19,0,0.0,15.76,854.18,0,6212.82,0,2188.19
2025-03-10,14.76,9269.95,0,0.0,14.76,868.94,0,6212.82,0,2188.19
2025-03-11,19.51,9289.46,0,0.0,19.51,888.45,0,6212.82,0,2188.19
2025-03-12,15.76,9305.22,0,0.0,15.76,904.21,0,6212.82,0,2188.19
2025-03-13,12.0,9317.22,0,0.0,12.0,916.21,0,6212.82,0,2188.19
2025-03-14,18.54,9335.76,0,0.0,18.54,934.75,0,6212.82,0,2188.19
2025-03-15,15.76,9351.52,0,0.0,15.76,950.51,0,6212.82,0,2188.19
2025-03-16,15.76,9367.28,0,0.0,15.76,966.27,0,6212.82,0,2188.19
2025-03-17,33.01,9400.29,0,0.0,14.88,981.15,18.13,6230.95,0,2188.19
2025-03-18,51.36,9451.65,0,0.0,15.76,996.91,35.6,6266.55,0,2188.19
2025-03-19,33.37,9485.02,0,0.0,18.81,1015.72,14.56,6281.11,0,2188.19
2025-03-20,49.84,9534.86,0,0.0,15.76,1031.48,34.08,6315.19,0,2188.19
2025-03-21,10.16,9545.02,0,0.0,15.76,1047.24,-5.6,6309.59,0,2188.19
2025-03-22,15.76,9560.78,0,0.0,15.76,1063.0,0,6309.59,0,2188.19
2025-03-23,15.76,9576.54,0,0.0,15.76,1078.76,0,6309.59,0,2188.19
2025-03-24,15.76,9592.3,0,0.0,15.76,1094.52,0,6309.59,0,2188.19
2025-03-25,15.76,9608.06,0,0.0,15.76,1110.28,0,6309.59,0,2188.19
2025-03-26,15.76,9623.82,0,0.0,15.76,1126.04,0,6309.59,0,2188.19
2025-03-27,15.76,9639.58,0,0.0,15.76,1141.8,0,6309.59,0,2188.19
2025-03-28,15.76,9655.34,0,0.0,15.76,1157.56,0,6309.59,0,2188.19
2025-03-29,18.81,9674.15,0,0.0,18.81,1176.37,0,6309.59,0,2188.19
2025-03-30,14.08,9688.23,0,0.0,14.08,1190.45,0,6309.59,0,2188.19
2025-03-31,20.44,9708.67,0,0.0,20.44,1210.89,0,6309.59,0,2188.19
2025-04-01,15.76,9724.43,0,0.0,15.76,1226.65,0,6309.59,0,2188.19
2025-04-02,9.68,9734.11,0,0.0,9.68,1236.33,0,6309.59,0,2188.19
2025-04-03,18.09,9752.2,0,0.0,18.09,1254.42,0,6309.59,0,2188.19
2025-04-04,19.39,9771.59,0,0.0,19.39,1273.81,0,6309.59,0,2188.19
2025-04-05,19.16,9790.75,0,0.0,19.16,1292.97,0,6309.59,0,2188.19
2025-04-06,14.76,9805.51,0,0.0,14.76,1307.73,0,6309.59,0,2188.19
2025-04-07,18.09,9823.6,0,0.0,18.09,1325.82,0,6309.59,0,2188.19
2025-04-08,-1.45,9822.15,0,0.0,-1.45,1324.37,0,6309.59,0,2188.19
2025-04-09,19.16,9841.31,0,0.0,19.16,1343.53,0,6309.59,0,2188.19
2025-04-10,19.92,9861.23,0,0.0,19.92,1363.45,0,6309.59,0,2188.19
2025-04-11,15.76,9876.99,0,0.0,15.76,1379.21,0,6309.59,0,2188.19
2025-04-12,15.76,9892.75,0,0.0,15.76,1394.97,0,6309.59,0,2188.19
2025-04-13,13.88,9906.63,0,0.0,13.88,1408.85,0,6309.59,0,2188.19
2025-04-14,20.72,9927.35,0,0.0,20.72,1429.57,0,6309.59,0,2188.19
2025-04-15,15.76,9943.11,0,0.0,15.76,1445.33,0,6309.59,0,2188.19
2025-04-16,14.76,9957.87,0,0.0,14.76,1460.09,0,6309.59,0,2188.19
2025-04-17,19.92,9977.79,0,0.0,19.92,1480.01,0,6309.59,0,2188.19
2025-04-18,14.76,9992.55,0,0.0,14.76,1494.77,0,6309.59,0,2188.19
2025-04-19,19.51,10012.06,0,0.0,19.51,1514.28,0,6309.59,0,2188.19
2025-04-20,19.56,10031.62,0,0.0,19.56,1533.84,0,6309.59,0,2188.19
2025-04-21,39.13,10070.75,23.37,23.37,15.76,1549.6,0,6309.59,0,2188.19
2025-04-22,62.16,10132.91,43.95,67.32,18.21,1567.81,0,6309.59,0,2188.19
2025-04-23,66.33,10199.24,48.12,115.44,18.21,1586.02,0,6309.59,0,2188.19
2025-04-24,66.77,10266.01,51.01,166.45,15.76,1601.78,0,6309.59,0,2188.19
2025-04-25,62.75,10328.76,46.99,213.44,15.76,1617.54,0,6309.59,0,2188.19
2025-04-26,56.62,10385.38,43.74,257.18,12.88,1630.42,0,6309.59,0,2188.19
2025-04-27,65.39,10450.77,44.59,301.77,20.8,1651.22,0,6309.59,0,2188.19
2025-04-28,66.58,10517.35,47.07,348.84,19.51,1670.73,0,6309.59,0,2188.19
2025-04-29,61.46,10578.81,43.25,392.09,18.21,1688.94,0,6309.59,0,2188.19
2025-04-30,54.39,10633.2,32.86,424.95,21.53,1710.47,0,6309.59,0,2188.19
2025-05-01,63.95,10697.15,45.14,470.09,18.81,1729.28,0,6309.59,0,2188.19
2025-05-02,46.15,10743.3,30.39,500.48,15.76,1745.04,0,6309.59,0,2188.19
2025-05-03,61.86,10805.16,47.66,548.14,14.2,1759.24,0,6309.59,0,2188.19
2025-05-04,50.44,10855.6,40.52,588.66,9.92,1769.16,0,6309.59,0,2188.19
2025-05-05,60.76,10916.36,45.56,634.22,15.2,1784.36,0,6309.59,0,2188.19
2025-05-06,60.02,10976.38,44.26,678.48,15.76,1800.12,0,6309.59,0,2188.19
2025-05-07,61.95,11038.33,43.74,722.22,18.21,1818.33,0,6309.59,0,2188.19
2025-05-08,68.19,11106.52,49.82,772.04,18.37,1836.7,0,6309.59,0,2188.19
2025-05-09,67.1,11173.62,47.59,819.63,19.51,1856.21,0,6309.59,0,2188.19
2025-05-10,64.41,11238.03,48.65,868.28,15.76,1871.97,0,6309.59,0,2188.19
2025-05-11,56.28,11294.31,40.52,908.8,15.76,1887.73,0,6309.59,0,2188.19
2025-05-12,44.18,11338.49,28.42,937.22,15.76,1903.49,0,6309.59,0,2188.19
2025-05-13,55.2,11393.69,36.24,973.46,18.96,1922.45,0,6309.59,0,2188.19
2025-05-14,65.92,11459.61,51.24,1024.7,14.68,1937.13,0,6309.59,0,2188.19
2025-05-15,71.41,11531.02,51.9,1076.6,19.51,1956.64,0,6309.59,0,2188.19
2025-05-16,57.4,11588.42,48.0,1124.6,9.4,1966.04,0,6309.59,0,2188.19
2025-05-17,68.88,11657.3,50.32,1174.92,18.56,1984.6,0,6309.59,0,2188.19
2025-05-18,61.21,11718.51,46.45,1221.37,14.76,1999.36,0,6309.59,0,2188.19
2025-05-19,61.08,11779.59,46.02,1267.39,15.06,2014.42,0,6309.59,0,2188.19
2025-05-20,65.29,11844.88,43.69,1311.08,21.6,2036.02,0,6309.59,0,2188.19
2025-05-21,54.6,11899.48,41.72,1352.8,12.88,2048.9,0,6309.59,0,2188.19
2025-05-22,64.51,11963.99,47.97,1400.77,16.54,2065.44,0,6309.59,0,2188.19
2025-05-23,57.18,12021.17,35.65,1436.42,21.53,2086.97,0,6309.59,0,2188.19
2025-05-24,62.53,12083.7,45.14,1481.56,17.39,2104.36,0,6309.59,0,2188.19
2025-05-25,69.6,12153.3,50.44,1532.0,19.16,2123.52,0,6309.59,0,2188.19
2025-05-26,62.11,12215.41,46.27,1578.27,15.84,2139.36,0,6309.59,0,2188.19
2025-05-27,59.89,12275.3,46.01,1624.28,13.88,2153.24,0,6309.59,0,2188.19
2025-05-28,37.72,12313.02,22.96,1647.24,14.76,2168.0,0,6309.59,0,2188.19
2025-05-29,42.14,12355.16,46.11,1693.35,-3.97,2164.03,0,6309.59,0,2188.19
2025-05-30,66.83,12421.99,45.56,1738.91,21.27,2185.3,0,6309.59,0,2188.19
2025-05-31,60.09,12482.08,44.33,1783.24,15.76,2201.06,0,6309.59,0,2188.19
2025-06-01,67.24,12549.32,51.48,1834.72,15.76,2216.82,0,6309.59,0,2188.19
2025-06-02,57.98,12607.3,45.98,1880.7,12.0,2228.82,0,6309.59,0,2188.19
2025-06-03,60.32,12667.62,45.56,1926.26,14.76,2243.58,0,6309.59,0,2188.19
2025-06-04,66.08,12733.7,46.99,1973.25,19.09,2262.67,0,6309.59,0,2188.19
2025-06-05,59.76,12793.46,41.55,2014.8,18.21,2280.88,0,6309.59,0,2188.19
2025-06-06,64.11,12857.57,45.9,2060.7,18.21,2299.09,0,6309.59,0,2188.19
2025-06-07,59.22,12916.79,44.34,2105.04,14.88,2313.97,0,6309.59,0,2188.19
2025-06-08,64.32,12981.11,45.48,2150.52,18.84,2332.81,0,6309.59,0,2188.19
2025-06-09,63.73,13044.84,49.05,2199.57,14.68,2347.49,0,6309.59,0,2188.19
2025-06-10,60.9,13105.74,45.14,2244.71,15.76,2363.25,0,6309.59,0,2188.19
2025-06-11,58.31,13164.05,43.25,2287.96,15.06,2378.31,0,6309.59,0,2188.19
2025-06-12,47.92,13211.97,31.98,2319.94,15.94,2394.25,0,6309.59,0,2188.19
2025-06-13,44.49,13256.46,29.73,2349.67,14.76,2409.01,0,6309.59,0,2188.19
2025-06-14,67.38,13323.84,46.99,2396.66,20.39,2429.4,0,6309.59,0,2188.19
2025-06-15,54.72,13378.56,41.84,2438.5,12.88,2442.28,0,6309.59,0,2188.19
2025-06-16,61.58,13440.14,46.9,2485.4,14.68,2456.96,0,6309.59,0,2188.19
2025-06-17,59.69,13499.83,45.25,2530.65,14.44,2471.4,0,6309.59,0,2188.19
2025-06-18,63.88,13563.71,49.12,2579.77,14.76,2486.16,0,6309.59,0,2188.19
2025-06-19,55.76,13619.47,39.68,2619.45,16.08,2502.24,0,6309.59,0,2188.19
2025-06-20,62.0,13681.47,47.24,2666.69,14.76,2517.0,0,6309.59,0,2188.19
2025-06-21,58.15,13739.62,42.19,2708.88,15.96,2532.96,0,6309.59,0,2188.19
2025-06-22,64.23,13803.85,46.02,2754.9,18.21,2551.17,0,6309.59,0,2188.19
2025-06-23,55.22,13859.07,39.46,2794.36,15.76,2566.93,0,6309.59,0,2188.19
2025-06-24,68.66,13927.73,52.9,2847.26,15.76,2582.69,0,6309.59,0,2188.19
2025-06-25,50.12,13977.85,31.31,2878.57,18.81,2601.5,0,6309.59,0,2188.19
2025-06-26,67.75,14045.6,53.78,2932.35,13.97,2615.47,0,6309.59,0,2188.19
2025-06-27,67.33,14112.93,46.41,2978.76,20.92,2636.39,0,6309.59,0,2188.19
2025-06-28,54.96,14167.89,36.75,3015.51,18.21,2654.6,0,6309.59,0,2188.19
2025-06-29,61.31,14229.2,45.55,3061.06,15.76,2670.36,0,6309.59,0,2188.19
2025-06-30,63.27,14292.47,47.51,3108.57,15.76,2686.12,0,6309.59,0,2188.19
2025-07-01,61.41,14353.88,42.6,3151.17,18.81,2704.93,0,6309.59,0,2188.19
2025-07-02,63.54,14417.42,47.78,3198.95,15.76,2720.69,0,6309.59,0,2188.19
2025-07-03,62.14,14479.56,49.26,3248.21,12.88,2733.57,0,6309.59,0,2188.19
2025-07-04,62.46,14542.02,47.78,3295.99,14.68,2748.25,0,6309.59,0,2188.19
2025-07-05,62.69,14604.71,44.97,3340.96,17.72,2765.97,0,6309.59,0,2188.19
2025-07-06,65.35,14670.06,45.43,3386.39,19.92,2785.89,0,6309.59,0,2188.19
2025-07-07,65.24,14735.3,52.36,3438.75,12.88,2798.77,0,6309.59,0,2188.19
2025-07-08,65.22,14800.52,43.42,3482.17,21.8,2820.57,0,6309.59,0,2188.19
2025-07-09,37.98,14838.5,22.78,3504.95,15.2,2835.77,0,6309.59,0,2188.19
2025-07-10,59.78,14898.28,45.02,3549.97,14.76,2850.53,0,6309.59,0,2188.19
2025-07-11,69.09,14967.37,49.93,3599.9,19.16,2869.69,0,6309.59,0,2188.19
2025-07-12,61.04,15028.41,45.14,3645.04,15.9,2885.59,0,6309.59,0,2188.19
2025-07-13,68.5,15096.91,48.99,3694.03,19.51,2905.1,0,6309.59,0,2188.19
2025-07-14,62.29,15159.2,47.23,3741.26,15.06,2920.16,0,6309.59,0,2188.19
2025-07-15,61.0,15220.2,41.49,3782.75,19.51,2939.67,0,6309.59,0,2188.19
2025-07-16,42.47,15262.67,44.26,3827.01,18.21,2957.88,-20.0,6289.59,0,2188.19
2025-07-17,56.19,15318.86,43.31,3870.32,12.88,2970.76,0,6289.59,0,2188.19
2025-07-18,48.72,15367.58,45.05,3915.37,3.67,2974.43,0,6289.59,0,2188.19
2025-07-19,67.53,15435.11,52.77,3968.14,14.76,2989.19,0,6289.59,0,2188.19
2025-07-20,68.69,15503.8,50.6,4018.74,18.09,3007.28,0,6289.59,0,2188.19
2025-07-21,68.28,15572.08,48.77,4067.51,19.51,3026.79,0,6289.59,0,2188.19
2025-07-22,73.55,15645.63,52.02,4119.53,21.53,3048.32,0,6289.59,0,2188.19
2025-07-23,62.19,15707.82,46.43,4165.96,15.76,3064.08,0,6289.59,0,2188.19
2025-07-24,66.68,15774.5,49.72,4215.68,16.96,3081.04,0,6289.59,0,2188.19
2025-07-25,60.29,15834.79,44.53,4260.21,15.76,3096.8,0,6289.59,0,2188.19
2025-07-26,64.81,15899.6,49.05,4309.26,15.76,3112.56,0,6289.59,0,2188.19
2025-07-27,67.7,15967.3,49.49,4358.75,18.21,3130.77,0,6289.59,0,2188.19
2025-07-28,60.87,16028.17,46.11,4404.86,14.76,3145.53,0,6289.59,0,2188.19
2025-07-29,65.82,16093.99,43.41,4448.27,22.41,3167.94,0,6289.59,0,2188.19
2025-07-30,56.12,16150.11,40.46,4488.73,15.66,3183.6,0,6289.59,0,2188.19
2025-07-31,45.9,16196.01,27.81,4516.54,18.09,3201.69,0,6289.59,0,2188.19
2025-08-01,58.0,16254.01,52.36,4568.9,5.64,3207.33,0,6289.59,0,2188.19
2025-08-02,50.26,16304.27,34.5,4603.4,15.76,3223.09,0,6289.59,0,2188.19
2025-08-03,61.31,16365.58,46.11,4649.51,15.2,3238.29,0,6289.59,0,2188.19
2025-08-04,66.86,16432.44,48.05,4697.56,18.81,3257.1,0,6289.59,0,2188.19
2025-08-05,62.81,16495.25,44.6,4742.16,18.21,3275.31,0,6289.59,0,2188.19
2025-08-06,70.37,16565.62,48.84,4791.0,21.53,3296.84,0,6289.59,0,2188.19
2025-08-07,51.36,16616.98,41.8,4832.8,15.76,3312.6,-6.2,6283.39,0,2188.19
2025-08-08,66.24,16683.22,47.87,4880.67,18.37,3330.97,0,6283.39,0,2188.19
2025-08-09,50.0,16733.22,30.31,4910.98,19.69,3350.66,0,6283.39,0,2188.19
2025-08-10,62.12,16795.34,46.36,4957.34,15.76,3366.42,0,6283.39,0,2188.19
2025-08-11,63.0,16858.34,47.24,5004.58,15.76,3382.18,0,6283.39,0,2188.19
2025-08-12,56.39,16914.73,37.58,5042.16,18.81,3400.99,0,6283.39,0,2188.19
2025-08-13,61.12,16975.85,45.36,5087.52,15.76,3416.75,0,6283.39,0,2188.19
2025-08-14,64.75,17040.6,48.19,5135.71,16.56,3433.31,0,6283.39,0,2188.19
2025-08-15,53.13,17093.73,39.25,5174.96,13.88,3447.19,0,6283.39,0,2188.19
2025-08-16,66.41,17160.14,46.02,5220.98,20.39,3467.58,0,6283.39,0,2188.19
2025-08-17,68.81,17228.95,50.6,5271.58,18.21,3485.79,0,6283.39,0,2188.19
2025-08-18,61.87,17290.82,46.11,5317.69,15.76,3501.55,0,6283.39,0,2188.19
2025-08-19,66.15,17356.97,44.62,5362.31,21.53,3523.08,0,6283.39,0,2188.19
2025-08-20,60.22,17417.19,46.14,5408.45,14.08,3537.16,0,6283.39,0,2188.19
2025-08-21,59.61,17476.8,40.1,5448.55,19.51,3556.67,0,6283.39,0,2188.19
2025-08-22,56.77,17533.57,41.01,5489.56,15.76,3572.43,0,6283.39,0,2188.19
2025-08-23,49.3,17582.87,34.22,5523.78,15.08,3587.51,0,6283.39,0,2188.19
2025-08-24,61.64,17644.51,43.43,5567.21,18.21,3605.72,0,6283.39,0,2188.19
2025-08-25,63.64,17708.15,44.83,5612.04,18.81,3624.53,0,6283.39,0,2188.19
2025-08-26,25.72,17733.87,7.51,5619.55,18.21,3642.74,0,6283.39,0,2188.19
2025-08-27,66.86,17800.73,53.98,5673.53,12.88,3655.62,0,6283.39,0,2188.19
2025-08-28,51.58,17852.31,35.14,5708.67,16.44,3672.06,0,6283.39,0,2188.19
2025-08-29,60.9,17913.21,45.14,5753.81,15.76,3687.82,0,6283.39,0,2188.19
2025-08-30,62.64,17975.85,46.88,5800.69,15.76,3703.58,0,6283.39,0,2188.19
2025-08-31,58.45,18034.3,42.69,5843.38,15.76,3719.34,0,6283.39,0,2188.19
2025-09-01,62.18,18096.48,47.12,5890.5,15.06,3734.4,0,6283.39,0,2188.19
2025-09-02,66.41,18162.89,46.9,5937.4,19.51,3753.91,0,6283.39,0,2188.19
2025-09-03,65.78,18228.67,52.9,5990.3,12.88,3766.79,0,6283.39,0,2188.19
2025-09-04,65.53,18294.2,44.26,6034.56,21.27,3788.06,0,6283.39,0,2188.19
2025-09-05,60.9,18355.1,45.14,6079.7,15.76,3803.82,0,6283.39,0,2188.19
2025-09-06,21.64,18376.74,5.88,6085.58,15.76,3819.58,0,6283.39,0,2188.19
2025-09-07,59.56,18436.3,50.76,6136.34,8.8,3828.38,0,6283.39,0,2188.19
2025-09-08,60.24,18496.54,44.48,6180.82,15.76,3844.14,0,6283.39,0,2188.19
2025-09-09,50.03,18546.57,34.27,6215.09,15.76,3859.9,0,6283.39,0,2188.19
2025-09-10,65.99,18612.56,47.78,6262.87,18.21,3878.11,0,6283.39,0,2188.19
2025-09-11,49.17,18661.73,33.41,6296.28,15.76,3893.87,0,6283.39,0,2188.19
2025-09-12,66.9,18728.63,51.14,6347.42,15.76,3909.63,0,6283.39,0,2188.19
2025-09-13,63.02,18791.65,41.49,6388.91,21.53,3931.16,0,6283.39,0,2188.19
2025-09-14,68.72,18860.37,52.96,6441.87,15.76,3946.92,0,6283.39,0,2188.19
2025-09-15,43.41,18903.78,27.65,6469.52,15.76,3962.68,0,6283.39,0,2188.19
2025-09-16,60.03,18963.81,38.54,6508.06,21.49,3984.17,0,6283.39,0,2188.19
2025-09-17,65.32,19029.13,49.56,6557.62,15.76,3999.93,0,6283.39,0,2188.19
2025-09-18,67.53,19096.66,50.05,6607.67,17.48,4017.41,0,6283.39,0,2188.19
2025-09-19,75.25,19171.91,49.82,6657.49,25.43,4042.84,0,6283.39,0,2188.19
2025-09-20,66.53,19238.44,45.17,6702.66,21.36,4064.2,0,6283.39,0,2188.19
2025-09-21,81.61,19320.05,55.53,6758.19,26.08,4090.28,0,6283.39,0,2188.19
2025-09-22,81.15,19401.2,51.96,6810.15,29.19,4119.47,0,6283.39,0,2188.19
2025-09-23,76.88,19478.08,49.57,6859.72,27.31,4146.78,0,6283.39,0,2188.19
2025-09-24,76.51,19554.59,51.66,6911.38,24.85,4171.63,0,6283.39,0,2188.19
2025-09-25,66.26,19620.85,57.34,6968.72,8.92,4180.55,0,6283.39,0,2188.19
2025-09-26,79.18,19700.03,58.24,7026.96,20.94,4201.49,0,6283.39,0,2188.19
2025-09-27,86.8,19786.83,59.28,7086.24,27.52,4229.01,0,6283.39,0,2188.19
2025-09-28,87.53,19874.36,58.34,7144.58,29.19,4258.2,0,6283.39,0,2188.19
2025-09-29,68.59,19942.95,45.38,7189.96,23.21,4281.41,0,6283.39,0,2188.19
2025-09-30,76.41,20019.36,51.3,7241.26,25.11,4306.52,0,6283.39,0,2188.19
2025-10-01,59.25,20078.61,37.64,7278.9,21.61,4328.13,0,6283.39,0,2188.19
2025-10-02,72.89,20151.5,46.81,7325.71,26.08,4354.21,0,6283.39,0,2188.19
2025-10-03,81.59,20233.09,56.46,7382.17,25.13,4379.34,0,6283.39,0,2188.19
2025-10-04,71.45,20304.54,55.85,7438.02,15.6,4394.94,0,6283.39,0,2188.19
2025-10-05,81.89,20386.43,52.7,7490.72,29.19,4424.13,0,6283.39,0,2188.19
2025-10-06,80.64,20467.07,51.45,7542.17,29.19,4453.32,0,6283.39,0,2188.19
2025-10-07,75.67,20542.74,50.24,7592.41,25.43,4478.75,0,6283.39,0,2188.19
2025-10-08,54.84,20597.58,36.88,7629.29,17.96,4496.71,0,6283.39,0,2188.19
2025-10-09,70.43,20668.01,44.35,7673.64,26.08,4522.79,0,6283.39,0,2188.19
2025-10-10,59.97,20727.98,37.82,7711.46,22.15,4544.94,0,6283.39,0,2188.19
2025-10-11,78.24,20806.22,52.81,7764.27,25.43,4570.37,0,6283.39,0,2188.19
2025-10-12,78.58,20884.8,56.46,7820.73,22.12,4592.49,0,6283.39,0,2188.19
2025-10-13,73.34,20958.14,52.4,7873.13,20.94,4613.43,0,6283.39,0,2188.19
2025-10-14,82.84,21040.98,53.65,7926.78,29.19,4642.62,0,6283.39,0,2188.19
2025-10-15,84.91,21125.89,56.46,7983.24,28.45,4671.07,0,6283.39,0,2188.19
2025-10-16,60.7,21186.59,37.15,8020.39,23.55,4694.62,0,6283.39,0,2188.19
2025-10-17,50.02,21236.61,30.84,8051.23,19.18,4713.8,0,6283.39,0,2188.19
2025-10-18,79.58,21316.19,51.97,8103.2,27.61,4741.41,0,6283.39,0,2188.19
2025-10-19,80.4,21396.59,56.55,8159.75,23.85,4765.26,0,6283.39,0,2188.19
2025-10-20,69.14,21465.73,43.94,8203.69,25.2,4790.46,0,6283.39,0,2188.19
2025-10-21,65.91,21531.64,42.0,8245.69,23.91,4814.37,0,6283.39,0,2188.19
2025-10-22,64.93,21596.57,47.97,8293.66,16.96,4831.33,0,6283.39,0,2188.19
2025-10-23,27.17,21623.74,6.37,8300.03,20.8,4852.13,0,6283.39,0,2188.19
2025-10-24,70.02,21693.76,50.82,8350.85,19.2,4871.33,0,6283.39,0,2188.19
2025-10-25,79.14,21772.9,55.06,8405.91,24.08,4895.41,0,6283.39,0,2188.19
2025-10-26,68.16,21841.06,53.48,8459.39,14.68,4910.09,0,6283.39,0,2188.19
2025-10-27,81.89,21922.95,56.46,8515.85,25.43,4935.52,0,6283.39,0,2188.19
2025-10-28,70.35,21993.3,42.39,8558.24,27.96,4963.48,0,6283.39,0,2188.19
2025-10-29,80.01,22073.31,56.46,8614.7,23.55,4987.03,0,6283.39,0,2188.19
2025-10-30,66.9,22140.21,41.47,8656.17,25.43,5012.46,0,6283.39,0,2188.19
2025-10-31,48.75,22188.96,32.99,8689.16,15.76,5028.22,0,6283.39,0,2188.19
2025-11-01,80.59,22269.55,53.28,8742.44,27.31,5055.53,0,6283.39,0,2188.19
2025-11-02,77.09,22346.64,51.96,8794.4,25.13,5080.66,0,6283.39,0,2188.19
2025-11-03,83.03,22429.67,52.7,8847.1,30.33,5110.99,0,6283.39,0,2188.19
2025-11-04,71.6,22501.27,51.45,8898.55,20.15,5131.14,0,6283.39,0,2188.19
2025-11-05,73.43,22574.7,51.4,8949.95,22.03,5153.17,0,6283.39,0,2188.19
2025-11-06,66.79,22641.49,49.99,8999.94,16.8,5169.97,0,6283.39,0,2188.19
2025-11-07,68.38,22709.87,41.07,9041.01,27.31,5197.28,0,6283.39,0,2188.19
2025-11-08,80.01,22789.88,52.7,9093.71,27.31,5224.59,0,6283.39,0,2188.19
2025-11-09,74.46,22864.34,52.14,9145.85,22.32,5246.91,0,6283.39,0,2188.19
2025-11-10,68.94,22933.28,44.24,9190.09,24.7,5271.61,0,6283.39,0,2188.19
2025-11-11,77.19,23010.47,51.19,9241.28,26.0,5297.61,0,6283.39,0,2188.19
2025-11-12,66.08,23076.55,42.83,9284.11,23.25,5320.86,0,6283.39,0,2188.19
2025-11-13,80.01,23156.56,52.7,9336.81,27.31,5348.17,0,6283.39,0,2188.19
2025-11-14,73.15,23229.71,50.91,9387.72,22.24,5370.41,0,6283.39,0,2188.19
2025-11-15,68.94,23298.65,52.7,9440.42,16.24,5386.65,0,6283.39,0,2188.19
2025-11-16,79.4,23378.05,53.97,9494.39,25.43,5412.08,0,6283.39,0,2188.19
2025-11-17,76.25,23454.3,52.7,9547.09,23.55,5435.63,0,6283.39,0,2188.19
2025-11-18,66.42,23520.72,48.94,9596.03,17.48,5453.11,0,6283.39,0,2188.19
2025-11-19,77.09,23597.81,53.18,9649.21,23.91,5477.02,0,6283.39,0,2188.19
2025-11-20,79.12,23676.93,53.99,9703.2,25.13,5502.15,0,6283.39,0,2188.19
2025-11-21,67.87,23744.8,46.93,9750.13,20.94,5523.09,0,6283.39,0,2188.19
2025-11-22,78.74,23823.54,51.43,9801.56,27.31,5550.4,0,6283.39,0,2188.19
2025-11-23,62.71,23886.25,37.28,9838.84,25.43,5575.83,0,6283.39,0,2188.19
2025-11-24,61.74,23947.99,56.46,9895.3,5.28,5581.11,0,6283.39,0,2188.19
2025-11-25,76.24,24024.23,53.26,9948.56,22.98,5604.09,0,6283.39,0,2188.19
2025-11-26,66.1,24090.33,40.67,9989.23,25.43,5629.52,0,6283.39,0,2188.19
2025-11-27,63.57,24153.9,42.2,10031.43,21.37,5650.89,0,6283.39,0,2188.19
2025-11-28,78.61,24232.51,53.48,10084.91,25.13,5676.02,0,6283.39,0,2188.19
2025-11-29,75.39,24307.9,50.26,10135.17,25.13,5701.15,0,6283.39,0,2188.19
2025-11-30,72.78,24380.68,49.23,10184.4,23.55,5724.7,0,6283.39,0,2188.19
2025-12-01,67.27,24447.95,43.07,10227.47,24.2,5748.9,0,6283.39,0,2188.19
2025-12-02,72.51,24520.46,48.39,10275.86,24.12,5773.02,0,6283.39,0,2188.19
2025-12-03,81.89,24602.35,54.58,10330.44,27.31,5800.33,0,6283.39,0,2188.19
2025-12-04,73.47,24675.82,47.74,10378.18,25.73,5826.06,0,6283.39,0,2188.19
2025-12-05,84.06,24759.88,58.63,10436.81,25.43,5851.49,0,6283.39,0,2188.19
2025-12-06,75.69,24835.57,46.5,10483.31,29.19,5880.68,0,6283.39,0,2188.19
2025-12-07,68.15,24903.72,47.79,10531.1,20.36,5901.04,0,6283.39,0,2188.19
2025-12-08,63.6,24967.32,37.52,10568.62,26.08,5927.12,0,6283.39,0,2188.19
2025-12-09,78.24,25045.56,63.16,10631.78,15.08,5942.2,0,6283.39,0,2188.19
2025-12-10,46.53,25092.09,20.45,10652.23,26.08,5968.28,0,6283.39,0,2188.19
2025-12-11,65.61,25157.7,43.58,10695.81,22.03,5990.31,0,6283.39,0,2188.19
2025-12-12,80.43,25238.13,50.36,10746.17,30.07,6020.38,0,6283.39,0,2188.19
2025-12-13,78.13,25316.26,54.58,10800.75,23.55,6043.93,0,6283.39,0,2188.19
2025-12-14,72.08,25388.34,46.95,10847.7,25.13,6069.06,0,6283.39,0,2188.19
2025-12-15,70.05,25458.39,46.14,10893.84,23.91,6092.97,0,6283.39,0,2188.19
2025-12-16,68.92,25527.31,45.01,10938.85,23.91,6116.88,0,6283.39,0,2188.19
2025-12-17,68.98,25596.29,41.67,10980.52,27.31,6144.19,0,6283.39,0,2188.19
2025-12-18,83.55,25679.84,61.58,11042.1,21.97,6166.16,0,6283.39,0,2188.19
2025-12-19,74.47,25754.31,47.16,11089.26,27.31,6193.47,0,6283.39,0,2188.19
2025-12-20,79.88,25834.19,59.28,11148.54,20.6,6214.07,0,6283.39,0,2188.19
2025-12-21,67.44,25901.63,45.77,11194.31,21.67,6235.74,0,6283.39,0,2188.19
2025-12-22,76.83,25978.46,53.28,11247.59,23.55,6259.29,0,6283.39,0,2188.19
2025-12-23,68.11,26046.57,43.91,11291.5,24.2,6283.49,0,6283.39,0,2188.19
2025-12-24,77.38,26123.95,51.3,11342.8,26.08,6309.57,0,6283.39,0,2188.19
2025-12-25,73.37,26197.32,51.13,11393.93,22.24,6331.81,0,6283.39,0,2188.19
2025-12-26,75.71,26273.03,51.11,11445.04,24.6,6356.41,0,6283.39,0,2188.19
2025-12-27,70.28,26343.31,45.08,11490.12,25.2,6381.61,0,6283.39,0,2188.19
2025-12-28,64.09,26407.4,38.66,11528.78,25.43,6407.04,0,6283.39,0,2188.19
2025-12-29,72.65,26480.05,46.57,11575.35,26.08,6433.12,0,6283.39,0,2188.19
2025-12-30,81.89,26561.94,56.46,11631.81,25.43,6458.55,0,6283.39,0,2188.19
2025-12-31,77.51,26639.45,52.81,11684.62,24.7,6483.25,0,6283.39,0,2188.19
2026-01-01,79.71,26719.16,52.7,11737.32,27.01,6510.26,0,6283.39,0,2188.19
2026-01-02,58.38,26777.54,31.07,11768.39,27.31,6537.57,0,6283.39,0,2188.19
2026-01-03,74.26,26851.8,45.07,11813.46,29.19,6566.76,0,6283.39,0,2188.19
2026-01-04,78.22,26930.02,52.79,11866.25,25.43,6592.19,0,6283.39,0,2188.19
2026-01-05,79.35,27009.37,52.04,11918.29,27.31,6619.5,0,6283.39,0,2188.19
2026-01-06,76.9,27086.27,51.77,11970.06,25.13,6644.63,0,6283.39,0,2188.19
2026-01-07,72.58,27158.85,58.34,12028.4,14.24,6658.87,0,6283.39,0,2188.19
2026-01-08,84.86,27243.71,58.43,12086.83,26.43,6685.3,0,6283.39,0,2188.19
2026-01-09,82.0,27325.71,52.81,12139.64,29.19,6714.49,0,6283.39,0,2188.19
2026-01-10,81.71,27407.42,55.11,12194.75,26.6,6741.09,0,6283.39,0,2188.19
2026-01-11,75.19,27482.61,46.0,12240.75,29.19,6770.28,0,6283.39,0,2188.19
2026-01-12,85.96,27568.57,62.41,12303.16,23.55,6793.83,0,6283.39,0,2188.19
2026-01-13,77.38,27645.95,55.06,12358.22,22.32,6816.15,0,6283.39,0,2188.19
2026-01-14,72.32,27718.27,46.32,12404.54,26.0,6842.15,0,6283.39,0,2188.19
2026-01-15,86.39,27804.66,59.38,12463.92,27.01,6869.16,0,6283.39,0,2188.19
2026-01-16,73.14,27877.8,49.89,12513.81,23.25,6892.41,0,6283.39,0,2188.19
2026-01-17,67.51,27945.31,38.32,12552.13,29.19,6921.6,0,6283.39,0,2188.19
2026-01-18,74.54,28019.85,53.6,12605.73,20.94,6942.54,0,6283.39,0,2188.19
2026-01-19,69.74,28089.59,55.85,12661.58,13.89,6956.43,0,6283.39,0,2188.19
2026-01-20,70.44,28160.03,54.24,12715.82,16.2,6972.63,0,6283.39,0,2188.19
2026-01-21,64.34,28224.37,52.02,12767.84,12.32,6984.95,0,6283.39,0,2188.19
2026-01-22,86.69,28311.06,59.7,12827.54,26.99,7011.94,0,6283.39,0,2188.19
2026-01-23,54.99,28366.05,50.93,12878.47,4.06,7016.0,0,6283.39,0,2188.19
2026-01-24,79.71,28445.76,52.4,12930.87,27.31,7043.31,0,6283.39,0,2188.19
2026-01-25,74.84,28520.6,50.14,12981.01,24.7,7068.01,0,6283.39,0,2188.19
2026-01-26,68.03,28588.63,49.55,13030.56,18.48,7086.49,0,6283.39,0,2188.19
2026-01-27,78.43,28667.06,54.58,13085.14,23.85,7110.34,0,6283.39,0,2188.19
2026-01-28,68.71,28735.77,43.58,13128.72,25.13,7135.47,0,6283.39,0,2188.19
2026-01-29,77.5,28813.27,52.07,13180.79,25.43,7160.9,0,6283.39,0,2188.19
2026-01-30,77.83,28891.1,56.46,13237.25,21.37,7182.27,0,6283.39,0,2188.19
2026-01-31,67.23,28958.33,43.98,13281.23,23.25,7205.52,0,6283.39,0,2188.19
2026-02-01,68.02,29026.35,46.11,13327.34,21.91,7227.43,0,6283.39,0,2188.19
2026-02-02,70.46,29096.81,45.03,13372.37,25.43,7252.86,0,6283.39,0,2188.19
2026-02-03,81.25,29178.06,51.18,13423.55,30.07,7282.93,0,6283.39,0,2188.19
2026-02-04,60.57,29238.63,37.75,13461.3,22.82,7305.75,0,6283.39,0,2188.19
2026-02-05,68.01,29306.64,49.05,13510.35,18.96,7324.71,0,6283.39,0,2188.19
2026-02-06,80.66,29387.3,52.7,13563.05,27.96,7352.67,0,6283.39,0,2188.19
2026-02-07,80.58,29467.88,58.34,13621.39,22.24,7374.91,0,6283.39,0,2188.19
2026-02-08,47.67,29515.55,38.27,13659.66,9.4,7384.31,0,6283.39,0,2188.19
2026-02-09,88.15,29603.7,59.7,13719.36,28.45,7412.76,0,6283.39,0,2188.19
2026-02-10,58.89,29662.59,38.17,13757.53,20.72,7433.48,0,6283.39,0,2188.19
2026-02-11,76.51,29739.1,48.55,13806.08,27.96,7461.44,0,6283.39,0,2188.19
2026-02-12,78.24,29817.34,54.12,13860.2,24.12,7485.56,0,6283.39,0,2188.19
2026-02-13,74.98,29892.32,57.8,13918.0,17.18,7502.74,0,6283.39,0,2188.19
2026-02-14,72.56,29964.88,48.36,13966.36,24.2,7526.94,0,6283.39,0,2188.19
2026-02-15,74.85,30039.73,53.18,14019.54,21.67,7548.61,0,6283.39,0,2188.19
2026-02-16,44.05,30083.78,23.33,14042.87,20.72,7569.33,0,6283.39,0,2188.19
2026-02-17,76.0,30159.78,53.18,14096.05,22.82,7592.15,0,6283.39,0,2188.19
2026-02-18,75.35,30235.13,51.8,14147.85,23.55,7615.7,0,6283.39,0,2188.19
2026-02-19,81.35,30316.48,54.87,14202.72,26.48,7642.18,0,6283.39,0,2188.19
2026-02-20,66.45,30382.93,48.01,14250.73,18.44,7660.62,0,6283.39,0,2188.19
2026-02-21,72.01,30454.94,52.1,14302.83,19.91,7680.53,0,6283.39,0,2188.19
2026-02-22,52.09,30507.03,41.21,14344.04,10.88,7691.41,0,6283.39,0,2188.19
2026-02-23,80.59,30587.62,53.28,14397.32,27.31,7718.72,0,6283.39,0,2188.19
2026-02-24,84.04,30671.66,54.85,14452.17,29.19,7747.91,0,6283.39,0,2188.19
2026-02-25,74.74,30746.4,50.54,14502.71,24.2,7772.11,0,6283.39,0,2188.19
2026-02-26,69.11,30815.51,41.8,14544.51,27.31,7799.42,0,6283.39,0,2188.19
2026-02-27,78.73,30894.24,58.24,14602.75,20.49,7819.91,0,6283.39,0,2188.19
2026-02-28,79.36,30973.6,51.05,14653.8,28.31,7848.22,0,6283.39,0,2188.19
2026-03-01,76.55,31050.15,47.36,14701.16,29.19,7877.41,0,6283.39,0,2188.19
2026-03-02,57.97,31108.12,37.82,14738.98,20.15,7897.56,0,6283.39,0,2188.19
2026-03-03,82.04,31190.16,52.85,14791.83,29.19,7926.75,0,6283.39,0,2188.19
2026-03-04,70.59,31260.75,42.14,14833.97,28.45,7955.2,0,6283.39,0,2188.19
2026-03-05,81.35,31342.1,55.92,14889.89,25.43,7980.63,0,6283.39,0,2188.19
2026-03-06,83.11,31425.21,55.15,14945.04,27.96,8008.59,0,6283.39,0,2188.19
2026-03-07,77.39,31502.6,50.82,14995.86,26.57,8035.16,0,6283.39,0,2188.19
2026-03-08,70.29,31572.89,43.28,15039.14,27.01,8062.17,0,6283.39,0,2188.19
2026-03-09,44.99,31617.88,31.11,15070.25,13.88,8076.05,0,6283.39,0,2188.19
2026-03-10,78.72,31696.6,52.15,15122.4,26.57,8102.62,0,6283.39,0,2188.19
2026-03-11,79.55,31776.15,53.47,15175.87,26.08,8128.7,0,6283.39,0,2188.19
2026-03-12,78.42,31854.57,51.11,15226.98,27.31,8156.01,0,6283.39,0,2188.19
2026-03-13,74.01,31928.58,56.46,15283.44,17.55,8173.56,0,6283.39,0,2188.19
2026-03-14,85.55,32014.13,58.24,15341.68,27.31,8200.87,0,6283.39,0,2188.19
2026-03-15,78.68,32092.81,51.37,15393.05,27.31,8228.18,0,6283.39,0,2188.19
2026-03-16,72.84,32165.65,48.24,15441.29,24.6,8252.78,0,6283.39,0,2188.19
2026-03-17,78.58,32244.23,56.46,15497.75,22.12,8274.9,0,6283.39,0,2188.19
2026-03-18,77.1,32321.33,50.09,15547.84,27.01,8301.91,0,6283.39,0,2188.19
2026-03-19,14.0,32335.33,0,15547.84,14.0,8315.91,0,6283.39,0,2188.19
