date,tyl_vip_pnl,tyl_vip_cumulative,tyl_trading_pnl,tyl_trading_cumulative,sinais_mil_pnl,sinais_mil_cumulative,blacklist_pnl,blacklist_cumulative
2021-11-28,0,0.0,0,0.0,0,0.0,-56.12,-56.12
2021-12-11,0,0.0,0,0.0,0,0.0,-40.2,-96.32
2021-12-12,0,0.0,0,0.0,0,0.0,-6.9,-103.22
2021-12-18,0,0.0,0,0.0,0,0.0,5.28,-97.94
2021-12-19,0,0.0,0,0.0,0,0.0,-12.15,-110.09
2021-12-21,0,0.0,0,0.0,0,0.0,7.46,-102.63
2022-01-22,0,0.0,0,0.0,0,0.0,-62.11,-164.74
2022-01-29,0,0.0,0,0.0,0,0.0,27.2,-137.54
2022-01-30,0,0.0,0,0.0,0,0.0,-2.41,-139.95
2022-02-04,0,0.0,0,0.0,0,0.0,10.81,-129.14
2022-02-05,0,0.0,0,0.0,0,0.0,-4.1,-133.24
2022-02-06,0,0.0,0,0.0,0,0.0,-66.37,-199.61
2022-03-05,0,0.0,0,0.0,0,0.0,12.73,-186.88
2022-03-25,0,0.0,0,0.0,0,0.0,4.4,-182.48
2022-03-26,0,0.0,0,0.0,0,0.0,-2.46,-184.94
2022-03-27,0,0.0,0,0.0,0,0.0,12.74,-172.2
2022-04-02,0,0.0,0,0.0,0,0.0,22.82,-149.38
2022-04-03,0,0.0,0,0.0,0,0.0,14.7,-134.68
2022-04-08,0,0.0,0,0.0,0,0.0,5.28,-129.4
2022-04-09,0,0.0,0,0.0,0,0.0,-22.62,-152.02
2022-04-10,0,0.0,0,0.0,0,0.0,9.93,-142.09
2022-04-15,0,0.0,0,0.0,0,0.0,15.59,-126.5
2022-04-16,0,0.0,0,0.0,0,0.0,-30.53,-157.03
2022-04-17,0,0.0,0,0.0,0,0.0,4.36,-152.67
2022-04-22,0,0.0,0,0.0,0,0.0,5.56,-147.11
2022-04-23,0,0.0,0,0.0,0,0.0,-86.08,-233.19
2022-04-24,0,0.0,0,0.0,0,0.0,5.28,-227.91
2022-04-29,0,0.0,0,0.0,0,0.0,9.93,-217.98
2022-04-30,0,0.0,0,0.0,0,0.0,-21.5,-239.48
2022-05-06,0,0.0,0,0.0,0,0.0,6.98,-232.5
2022-05-07,0,0.0,0,0.0,0,0.0,-23.88,-256.38
2022-05-08,0,0.0,0,0.0,0,0.0,6.38,-250.0
2022-05-20,0,0.0,0,0.0,0,0.0,-75.06,-325.06
2022-05-21,0,0.0,0,0.0,0,0.0,5.03,-320.03
2022-05-28,0,0.0,0,0.0,0,0.0,39.84,-280.19
2022-06-03,0,0.0,0,0.0,0,0.0,5.56,-274.63
2022-06-04,0,0.0,0,0.0,0,0.0,40.21,-234.42
2022-06-05,0,0.0,0,0.0,0,0.0,5.34,-229.08
2022-06-10,0,0.0,0,0.0,0,0.0,14.7,-214.38
2022-06-11,0,0.0,0,0.0,0,0.0,27.24,-187.14
2022-06-12,0,0.0,0,0.0,0,0.0,27.24,-159.9
2022-06-17,0,0.0,0,0.0,0,0.0,4.4,-155.5
2022-06-18,0,0.0,0,0.0,0,0.0,39.56,-115.94
2022-06-19,0,0.0,0,0.0,0,0.0,4.4,-111.54
2022-07-03,0,0.0,0,0.0,0,0.0,29.88,-81.66
2022-07-26,0,0.0,0,0.0,0,0.0,4.4,-77.26
2022-07-27,0,0.0,0,0.0,0,0.0,14.7,-62.56
2022-07-28,0,0.0,0,0.0,0,0.0,4.4,-58.16
2022-07-29,0,0.0,0,0.0,0,0.0,4.4,-53.76
2022-08-03,0,0.0,0,0.0,0,0.0,5.28,-48.48
2022-08-06,0,0.0,0,0.0,0,0.0,10.53,-37.95
2022-08-25,0,0.0,0,0.0,16.7,16.7,10.53,-27.42
2022-08-26,0,0.0,0,0.0,-8.88,7.82,0,-27.42
2022-08-29,0,0.0,0,0.0,0.39,8.21,0,-27.42
2022-08-30,0,0.0,0,0.0,-12.13,-3.92,0,-27.42
2022-08-31,0,0.0,0,0.0,18.4,14.48,0,-27.42
2022-09-05,0,0.0,0,0.0,16.38,30.86,0,-27.42
2022-09-06,0,0.0,0,0.0,9.92,40.78,0,-27.42
2022-09-07,0,0.0,0,0.0,9.35,50.13,0,-27.42
2022-09-08,0,0.0,0,0.0,-9.5,40.63,0,-27.42
2022-09-09,0,0.0,0,0.0,21.91,62.54,0,-27.42
2022-09-12,0,0.0,0,0.0,8.49,71.03,0,-27.42
2022-09-13,0,0.0,0,0.0,21.04,92.07,0,-27.42
2022-09-14,0,0.0,0,0.0,-17.92,74.15,0,-27.42
2022-09-15,0,0.0,0,0.0,-2.69,71.46,0,-27.42
2022-09-16,0,0.0,0,0.0,9.35,80.81,0,-27.42
2022-09-19,0,0.0,0,0.0,26.35,107.16,0,-27.42
2022-09-20,0,0.0,0,0.0,23.74,130.9,0,-27.42
2022-09-21,0,0.0,0,0.0,16.42,147.32,0,-27.42
2022-09-22,0,0.0,0,0.0,0.35,147.67,0,-27.42
2022-09-23,0,0.0,0,0.0,21.12,168.79,0,-27.42
2022-09-26,0,0.0,0,0.0,24.18,192.97,0,-27.42
2022-09-27,0,0.0,0,0.0,19.43,212.4,0,-27.42
2022-09-28,0,0.0,0,0.0,28.66,241.06,0,-27.42
2022-09-29,0,0.0,0,0.0,1.93,242.99,0,-27.42
2022-09-30,0,0.0,0,0.0,0.39,243.38,0,-27.42
2022-10-03,0,0.0,0,0.0,6.51,249.89,0,-27.42
2022-10-04,0,0.0,0,0.0,19.07,268.96,0,-27.42
2022-10-05,0,0.0,0,0.0,25.22,294.18,0,-27.42
2022-10-06,0,0.0,0,0.0,26.79,320.97,0,-27.42
2022-10-07,0,0.0,0,0.0,15.27,336.24,0,-27.42
2022-10-10,0,0.0,0,0.0,16.87,353.11,0,-27.42
2022-10-11,0,0.0,0,0.0,8.01,361.12,0,-27.42
2022-10-12,0,0.0,0,0.0,13.34,374.46,0,-27.42
2022-10-13,0,0.0,0,0.0,28.35,402.81,0,-27.42
2022-10-14,0,0.0,0,0.0,16.3,419.11,0,-27.42
2022-10-17,0,0.0,0,0.0,19.51,438.62,0,-27.42
2022-10-18,0,0.0,0,0.0,10.63,449.25,0,-27.42
2022-10-19,0,0.0,0,0.0,24.63,473.88,0,-27.42
2022-10-20,0,0.0,0,0.0,24.27,498.15,0,-27.42
2022-10-21,0,0.0,0,0.0,9.82,507.97,0,-27.42
2022-10-24,0,0.0,0,0.0,-20.73,487.24,0,-27.42
2022-10-25,0,0.0,0,0.0,-9.83,477.41,0,-27.42
2022-10-26,0,0.0,0,0.0,25.49,502.9,0,-27.42
2022-10-27,0,0.0,0,0.0,-32.75,470.15,0,-27.42
2022-10-28,0,0.0,0,0.0,26.91,497.06,0,-27.42
2022-10-31,0,0.0,0,0.0,18.35,515.41,0,-27.42
2022-11-01,0,0.0,0,0.0,12.71,528.12,0,-27.42
2022-11-02,0,0.0,0,0.0,22.15,550.27,0,-27.42
2022-11-03,0,0.0,0,0.0,27.55,577.82,0,-27.42
2022-11-04,0,0.0,0,0.0,25.79,603.61,0,-27.42
2022-11-07,0,0.0,0,0.0,-4.28,599.33,0,-27.42
2022-11-08,0,0.0,0,0.0,20.47,619.8,0,-27.42
2022-11-09,0,0.0,0,0.0,27.51,647.31,0,-27.42
2022-11-10,0,0.0,0,0.0,28.41,675.72,0,-27.42
2022-11-11,0,0.0,0,0.0,30.38,706.1,0,-27.42
2022-11-14,0,0.0,0,0.0,-11.15,694.95,0,-27.42
2022-11-15,0,0.0,0,0.0,-25.11,669.84,0,-27.42
2022-11-16,0,0.0,0,0.0,8.26,678.1,0,-27.42
2022-11-17,0,0.0,0,0.0,24.63,702.73,0,-27.42
2022-11-18,0,0.0,0,0.0,7.59,710.32,0,-27.42
2022-11-21,0,0.0,0,0.0,29.18,739.5,0,-27.42
2022-11-22,0,0.0,0,0.0,-4.51,734.99,0,-27.42
2022-11-23,0,0.0,0,0.0,-6.94,728.05,0,-27.42
2022-11-28,0,0.0,0,0.0,-2.53,725.52,0,-27.42
2022-11-29,0,0.0,0,0.0,25.86,751.38,0,-27.42
2022-11-30,0,0.0,0,0.0,27.47,778.85,0,-27.42
2022-12-01,0,0.0,0,0.0,-17.14,761.71,0,-27.42
2022-12-02,0,0.0,0,0.0,10.89,772.6,0,-27.42
2022-12-05,0,0.0,0,0.0,21.86,794.46,0,-27.42
2022-12-06,0,0.0,0,0.0,-10.98,783.48,0,-27.42
2022-12-07,0,0.0,0,0.0,11.38,794.86,0,-27.42
2022-12-12,0,0.0,0,0.0,-0.83,794.03,0,-27.42
2022-12-14,0,0.0,0,0.0,23.18,817.21,0,-27.42
2022-12-19,0,0.0,0,0.0,15.68,832.89,0,-27.42
2022-12-20,0,0.0,0,0.0,17.75,850.64,0,-27.42
2022-12-21,0,0.0,0,0.0,5.6,856.24,0,-27.42
2022-12-22,0,0.0,0,0.0,-0.46,855.78,0,-27.42
2022-12-23,0,0.0,0,0.0,10.61,866.39,0,-27.42
2022-12-27,0,0.0,0,0.0,2.93,869.32,0,-27.42
2022-12-29,0,0.0,0,0.0,14.7,884.02,0,-27.42
2023-01-02,0,0.0,0,0.0,-17.46,866.56,0,-27.42
2023-01-03,0,0.0,0,0.0,0.65,867.21,0,-27.42
2023-01-04,0,0.0,0,0.0,13.54,880.75,0,-27.42
2023-01-05,0,0.0,0,0.0,-32.75,848.0,0,-27.42
2023-01-06,0,0.0,0,0.0,16.29,864.29,0,-27.42
2023-01-10,0,0.0,0,0.0,19.27,883.56,0,-27.42
2023-01-12,0,0.0,0,0.0,15.04,898.6,0,-27.42
2023-01-13,0,0.0,0,0.0,31.31,929.91,0,-27.42
2023-01-16,0,0.0,0,0.0,26.03,955.94,0,-27.42
2023-01-17,0,0.0,0,0.0,-1.2,954.74,0,-27.42
2023-01-19,0,0.0,0,0.0,13.54,968.28,0,-27.42
2023-01-20,0,0.0,0,0.0,-29.9,938.38,0,-27.42
2023-01-23,0,0.0,0,0.0,8.5,946.88,0,-27.42
2023-01-24,0,0.0,0,0.0,18.87,965.75,0,-27.42
2023-01-26,0,0.0,0,0.0,29.23,994.98,0,-27.42
2023-01-27,0,0.0,0,0.0,-18.26,976.72,0,-27.42
2023-01-30,0,0.0,0,0.0,18.39,995.11,0,-27.42
2023-01-31,0,0.0,0,0.0,22.23,1017.34,0,-27.42
2023-02-01,0,0.0,0,0.0,19.41,1036.75,0,-27.42
2023-02-02,0,0.0,0,0.0,7.16,1043.91,0,-27.42
2023-02-07,0,0.0,0,0.0,0.17,1044.08,0,-27.42
2023-02-08,0,0.0,0,0.0,5.56,1049.64,0,-27.42
2023-02-10,0,0.0,0,0.0,5.72,1055.36,0,-27.42
2023-02-14,0,0.0,0,0.0,3.27,1058.63,0,-27.42
2023-02-15,0,0.0,0,0.0,13.25,1071.88,0,-27.42
2023-02-20,0,0.0,0,0.0,28.3,1100.18,0,-27.42
2023-02-21,0,0.0,0,0.0,-23.17,1077.01,0,-27.42
2023-02-23,0,0.0,0,0.0,-12.37,1064.64,0,-27.42
2023-02-24,0,0.0,0,0.0,-13.85,1050.79,0,-27.42
2023-02-27,0,0.0,0,0.0,10.91,1061.7,0,-27.42
2023-02-28,0,0.0,0,0.0,14.39,1076.09,0,-27.42
2023-03-02,0,0.0,0,0.0,22.83,1098.92,0,-27.42
2023-03-03,0,0.0,0,0.0,24.87,1123.79,0,-27.42
2023-03-06,0,0.0,0,0.0,9.32,1133.11,0,-27.42
2023-03-08,0,0.0,0,0.0,22.47,1155.58,0,-27.42
2023-03-09,0,0.0,0,0.0,14.83,1170.41,0,-27.42
2023-03-10,0,0.0,0,0.0,18.39,1188.8,0,-27.42
2023-03-13,0,0.0,0,0.0,-1.41,1187.39,0,-27.42
2023-03-14,0,0.0,0,0.0,11.49,1198.88,0,-27.42
2023-03-15,0,0.0,0,0.0,5.53,1204.41,0,-27.42
2023-03-16,0,0.0,0,0.0,0.76,1205.17,0,-27.42
2023-03-17,0,0.0,0,0.0,26.31,1231.48,0,-27.42
2023-03-20,0,0.0,0,0.0,16.59,1248.07,0,-27.42
2023-03-21,0,0.0,0,0.0,19.9,1267.97,0,-27.42
2023-03-22,0,0.0,0,0.0,-13.44,1254.53,0,-27.42
2023-03-23,0,0.0,0,0.0,25.14,1279.67,0,-27.42
2023-03-28,0,0.0,0,0.0,7.7,1287.37,0,-27.42
2023-03-30,0,0.0,0,0.0,14.8,1302.17,0,-27.42
2023-04-03,0,0.0,0,0.0,15.84,1318.01,0,-27.42
2023-04-10,0,0.0,0,0.0,22.42,1340.43,0,-27.42
2023-04-11,0,0.0,0,0.0,24.27,1364.7,0,-27.42
2023-04-12,0,0.0,0,0.0,17.93,1382.63,0,-27.42
2023-04-17,0,0.0,0,0.0,19.27,1401.9,0,-27.42
2023-04-18,0,0.0,0,0.0,22.82,1424.72,0,-27.42
2023-04-19,0,0.0,0,0.0,16.26,1440.98,0,-27.42
2023-04-20,0,0.0,0,0.0,16.95,1457.93,0,-27.42
2023-04-24,0,0.0,0,0.0,23.41,1481.34,0,-27.42
2023-04-25,0,0.0,0,0.0,-8.92,1472.42,0,-27.42
2023-05-03,0,0.0,0,0.0,-4.0,1468.42,0,-27.42
2023-05-04,0,0.0,0,0.0,11.61,1480.03,0,-27.42
2023-05-09,0,0.0,0,0.0,3.78,1483.81,0,-27.42
2023-05-10,0,0.0,0,0.0,18.74,1502.55,0,-27.42
2023-05-15,0,0.0,0,0.0,1.14,1503.69,0,-27.42
2023-05-16,0,0.0,0,0.0,3.96,1507.65,0,-27.42
2023-05-18,0,0.0,0,0.0,-3.17,1504.48,0,-27.42
2023-05-19,0,0.0,0,0.0,12.05,1516.53,0,-27.42
2023-05-22,0,0.0,0,0.0,3.84,1520.37,0,-27.42
2023-05-24,0,0.0,0,0.0,15.8,1536.17,0,-27.42
2023-05-26,0,0.0,0,0.0,-18.78,1517.39,0,-27.42
2023-05-30,0,0.0,0,0.0,10.7,1528.09,0,-27.42
2023-05-31,0,0.0,0,0.0,25.51,1553.6,0,-27.42
2023-06-01,0,0.0,0,0.0,-5.34,1548.26,0,-27.42
2023-06-12,0,0.0,0,0.0,12.42,1560.68,0,-27.42
2023-06-14,0,0.0,0,0.0,-16.0,1544.68,0,-27.42
2023-06-15,0,0.0,0,0.0,-9.84,1534.84,0,-27.42
2023-06-16,0,0.0,0,0.0,16.56,1551.4,0,-27.42
2023-06-19,0,0.0,0,0.0,14.13,1565.53,0,-27.42
2023-06-20,0,0.0,0,0.0,-43.53,1522.0,0,-27.42
2023-06-21,0,0.0,0,0.0,15.12,1537.12,0,-27.42
2023-06-23,0,0.0,0,0.0,22.31,1559.43,0,-27.42
2023-06-26,0,0.0,0,0.0,18.31,1577.74,0,-27.42
2023-06-27,0,0.0,0,0.0,-12.05,1565.69,0,-27.42
2023-06-29,0,0.0,0,0.0,14.56,1580.25,0,-27.42
2023-07-03,0,0.0,0,0.0,27.19,1607.44,0,-27.42
2023-07-05,0,0.0,0,0.0,27.19,1634.63,0,-27.42
2023-07-10,0,0.0,0,0.0,7.17,1641.8,0,-27.42
2023-07-19,0,0.0,0,0.0,29.27,1671.07,0,-27.42
2023-07-21,0,0.0,0,0.0,-7.41,1663.66,0,-27.42
2023-07-24,0,0.0,0,0.0,21.19,1684.85,0,-27.42
2023-07-27,0,0.0,0,0.0,25.14,1709.99,0,-27.42
2023-07-28,0,0.0,0,0.0,5.72,1715.71,0,-27.42
2023-07-31,0,0.0,0,0.0,16.59,1732.3,0,-27.42
2023-08-04,0,0.0,0,0.0,17.1,1749.4,0,-27.42
2023-08-09,0,0.0,0,0.0,27.78,1777.18,0,-27.42
2023-08-14,0,0.0,0,0.0,15.54,1792.72,0,-27.42
2023-08-21,0,0.0,0,0.0,-16.87,1775.85,0,-27.42
2023-08-29,0,0.0,0,0.0,13.19,1789.04,0,-27.42
2023-09-05,0,0.0,0,0.0,23.87,1812.91,0,-27.42
2023-09-13,0,0.0,0,0.0,-16.0,1796.91,0,-27.42
2023-09-18,0,0.0,0,0.0,23.35,1820.26,0,-27.42
2023-09-25,0,0.0,0,0.0,-16.0,1804.26,0,-27.42
2023-09-26,0,0.0,0,0.0,-0.75,1803.51,0,-27.42
2023-10-09,0,0.0,0,0.0,-21.36,1782.15,0,-27.42
2023-10-11,0,0.0,0,0.0,24.58,1806.73,0,-27.42
2023-10-12,0,0.0,0,0.0,12.05,1818.78,0,-27.42
2023-10-17,0,0.0,0,0.0,1.21,1819.99,0,-27.42
2023-10-18,0,0.0,0,0.0,21.86,1841.85,0,-27.42
2023-10-19,0,0.0,0,0.0,17.83,1859.68,0,-27.42
2023-10-31,0,0.0,0,0.0,16.14,1875.82,0,-27.42
2023-11-06,0,0.0,0,0.0,10.78,1886.6,0,-27.42
2023-11-08,0,0.0,0,0.0,18.31,1904.91,0,-27.42
2023-11-20,0,0.0,0,0.0,-8.58,1896.33,0,-27.42
2023-11-21,0,0.0,0,0.0,4.26,1900.59,0,-27.42
2023-11-27,0,0.0,0,0.0,-14.2,1886.39,0,-27.42
2023-11-29,0,0.0,0,0.0,18.74,1905.13,0,-27.42
2023-11-30,0,0.0,0,0.0,26.03,1931.16,0,-27.42
2023-12-04,0,0.0,0,0.0,22.25,1953.41,0,-27.42
2023-12-07,0,0.0,0,0.0,3.65,1957.06,0,-27.42
2023-12-12,0,0.0,0,0.0,-2.36,1954.7,0,-27.42
2023-12-13,0,0.0,0,0.0,24.07,1978.77,0,-27.42
2023-12-14,0,0.0,0,0.0,27.74,2006.51,0,-27.42
2024-01-03,0,0.0,0,0.0,-25.14,1981.37,0,-27.42
2024-01-04,0,0.0,0,0.0,-40.28,1941.09,0,-27.42
2024-01-08,0,0.0,0,0.0,-20.25,1920.84,0,-27.42
2024-01-10,0,0.0,0,0.0,-32.0,1888.84,0,-27.42
2024-01-15,0,0.0,0,0.0,17.01,1905.85,0,-27.42
2024-01-18,0,0.0,0,0.0,2.89,1908.74,0,-27.42
2024-01-23,0,0.0,0,0.0,11.64,1920.38,0,-27.42
2024-01-24,0,0.0,0,0.0,15.27,1935.65,0,-27.42
2024-01-25,0,0.0,0,0.0,0.02,1935.67,0,-27.42
2024-02-06,0,0.0,0,0.0,10.91,1946.58,0,-27.42
2024-02-07,0,0.0,0,0.0,-7.45,1939.13,0,-27.42
2024-02-08,0,0.0,0,0.0,-0.34,1938.79,0,-27.42
2024-02-26,0,0.0,0,0.0,5.21,1944.0,0,-27.42
2024-02-27,0,0.0,0,0.0,18.52,1962.52,0,-27.42
2024-03-04,0,0.0,0,0.0,11.02,1973.54,0,-27.42
2024-03-05,0,0.0,0,0.0,-9.66,1963.88,0,-27.42
2024-03-11,0,0.0,0,0.0,27.78,1991.66,0,-27.42
2024-03-18,0,0.0,0,0.0,5.19,1996.85,0,-27.42
2024-03-19,0,0.0,0,0.0,14.21,2011.06,0,-27.42
2024-04-01,0,0.0,0,0.0,10.61,2021.67,0,-27.42
2024-04-04,0,0.0,0,0.0,-17.74,2003.93,0,-27.42
2024-04-10,0,0.0,0,0.0,-6.68,1997.25,0,-27.42
2024-04-11,0,0.0,0,0.0,13.34,2010.59,0,-27.42
2024-04-16,0,0.0,0,0.0,13.34,2023.93,0,-27.42
2024-04-17,0,0.0,0,0.0,14.78,2038.71,0,-27.42
2025-01-20,0,0.0,-6.55,-6.55,0,2038.71,0,-27.42
2025-01-21,0,0.0,-6.1,-12.65,0,2038.71,0,-27.42
2025-01-22,0,0.0,34.86,22.21,0,2038.71,0,-27.42
2025-01-23,0,0.0,-133.2,-110.99,0,2038.71,0,-27.42
2025-01-24,0,0.0,24.77,-86.22,0,2038.71,0,-27.42
2025-01-25,0,0.0,18.75,-67.47,0,2038.71,0,-27.42
2025-01-26,0,0.0,-107.88,-175.35,0,2038.71,0,-27.42
2025-01-27,0,0.0,31.51,-143.84,0,2038.71,0,-27.42
2025-01-28,0,0.0,-9.41,-153.25,0,2038.71,0,-27.42
2025-01-29,0,0.0,26.54,-126.71,0,2038.71,0,-27.42
2025-01-30,0,0.0,-58.51,-185.22,0,2038.71,0,-27.42
2025-01-31,0,0.0,31.25,-153.97,0,2038.71,0,-27.42
2025-02-01,0,0.0,26.26,-127.71,0,2038.71,0,-27.42
2025-02-02,0,0.0,11.5,-116.21,0,2038.71,0,-27.42
2025-02-03,0,0.0,-84.52,-200.73,0,2038.71,0,-27.42
2025-02-04,0,0.0,31.91,-168.82,0,2038.71,0,-27.42
2025-02-05,0,0.0,26.04,-142.78,0,2038.71,0,-27.42
2025-02-06,0,0.0,-81.47,-224.25,0,2038.71,0,-27.42
2025-02-07,0,0.0,-18.14,-242.39,0,2038.71,0,-27.42
2025-02-08,0,0.0,8.85,-233.54,0,2038.71,0,-27.42
2025-02-09,0,0.0,12.66,-220.88,0,2038.71,0,-27.42
2025-02-10,0,0.0,-3.07,-223.95,0,2038.71,0,-27.42
2025-02-11,0,0.0,15.64,-208.31,0,2038.71,0,-27.42
2025-02-12,0,0.0,19.82,-188.49,0,2038.71,0,-27.42
2025-02-13,0,0.0,19.88,-168.61,0,2038.71,0,-27.42
2025-02-14,0,0.0,6.19,-162.42,0,2038.71,0,-27.42
2025-02-15,0,0.0,-19.81,-182.23,0,2038.71,0,-27.42
2025-02-16,0,0.0,15.7,-166.53,0,2038.71,0,-27.42
2025-02-17,0,0.0,-26.34,-192.87,0,2038.71,0,-27.42
2025-02-18,0,0.0,19.54,-173.33,0,2038.71,0,-27.42
2025-02-19,0,0.0,6.13,-167.2,0,2038.71,0,-27.42
2025-02-20,0,0.0,-20.38,-187.58,0,2038.71,0,-27.42
2025-02-21,0,0.0,20.76,-166.82,0,2038.71,0,-27.42
2025-02-22,0,0.0,20.16,-146.66,0,2038.71,0,-27.42
2025-02-23,0,0.0,19.48,-127.18,0,2038.71,0,-27.42
2025-02-24,0,0.0,-68.36,-195.54,0,2038.71,0,-27.42
2025-02-25,0,0.0,-78.77,-274.31,0,2038.71,0,-27.42
2025-02-26,0,0.0,4.06,-270.25,0,2038.71,0,-27.42
2025-02-27,0,0.0,-20.09,-290.34,0,2038.71,0,-27.42
2025-02-28,0,0.0,13.42,-276.92,0,2038.71,0,-27.42
2025-03-01,0,0.0,-64.76,-341.68,0,2038.71,0,-27.42
2025-03-02,0,0.0,-88.7,-430.38,0,2038.71,0,-27.42
2025-03-03,0,0.0,21.65,-408.73,0,2038.71,0,-27.42
2025-03-04,0,0.0,15.42,-393.31,0,2038.71,0,-27.42
2025-03-05,0,0.0,-99.11,-492.42,0,2038.71,0,-27.42
2025-03-06,0,0.0,-82.91,-575.33,0,2038.71,0,-27.42
2025-03-07,0,0.0,19.76,-555.57,0,2038.71,0,-27.42
2025-03-08,0,0.0,15.7,-539.87,0,2038.71,0,-27.42
2025-03-09,0,0.0,20.11,-519.76,0,2038.71,0,-27.42
2025-03-10,0,0.0,-19.76,-539.52,0,2038.71,0,-27.42
2025-03-11,0,0.0,20.82,-518.7,0,2038.71,0,-27.42
2025-03-12,0,0.0,20.11,-498.59,0,2038.71,0,-27.42
2025-03-13,0,0.0,-69.6,-568.19,0,2038.71,0,-27.42
2025-03-14,0,0.0,22.13,-546.06,0,2038.71,0,-27.42
2025-03-15,0,0.0,20.1,-525.96,0,2038.71,0,-27.42
2025-03-16,0,0.0,20.11,-505.85,0,2038.71,0,-27.42
2025-03-17,0,0.0,15.7,-490.15,2.58,2041.29,0,-27.42
2025-03-18,0,0.0,19.83,-470.32,19.51,2060.8,0,-27.42
2025-03-19,0,0.0,11.73,-458.59,3.93,2064.73,0,-27.42
2025-03-20,0,0.0,19.88,-438.71,29.23,2093.96,0,-27.42
2025-03-21,0,0.0,20.38,-418.33,-27.6,2066.36,0,-27.42
2025-03-22,0,0.0,19.82,-398.51,0,2066.36,0,-27.42
2025-03-23,0,0.0,20.1,-378.41,0,2066.36,0,-27.42
2025-03-24,0,0.0,20.1,-358.31,0,2066.36,0,-27.42
2025-03-25,0,0.0,20.16,-338.15,0,2066.36,0,-27.42
2025-03-26,0,0.0,20.32,-317.83,0,2066.36,0,-27.42
2025-03-27,0,0.0,20.04,-297.79,0,2066.36,0,-27.42
2025-03-28,0,0.0,20.72,-277.07,0,2066.36,0,-27.42
2025-03-29,0,0.0,12.01,-265.06,0,2066.36,0,-27.42
2025-03-30,0,0.0,-59.15,-324.21,0,2066.36,0,-27.42
2025-03-31,0,0.0,-22.82,-347.03,0,2066.36,0,-27.42
2025-04-01,0,0.0,19.55,-327.48,0,2066.36,0,-27.42
2025-04-02,0,0.0,-60.18,-387.66,0,2066.36,0,-27.42
2025-04-03,0,0.0,-58.36,-446.02,0,2066.36,0,-27.42
2025-04-04,0,0.0,13.26,-432.76,0,2066.36,0,-27.42
2025-04-05,0,0.0,-19.36,-452.12,0,2066.36,0,-27.42
2025-04-06,0,0.0,-20.38,-472.5,0,2066.36,0,-27.42
2025-04-07,0,0.0,-26.13,-498.63,0,2066.36,0,-27.42
2025-04-08,0,0.0,-100.34,-598.97,0,2066.36,0,-27.42
2025-04-09,0,0.0,-19.09,-618.06,0,2066.36,0,-27.42
2025-04-10,0,0.0,-53.91,-671.97,0,2066.36,0,-27.42
2025-04-11,0,0.0,20.1,-651.87,0,2066.36,0,-27.42
2025-04-12,0,0.0,19.76,-632.11,0,2066.36,0,-27.42
2025-04-13,0,0.0,-24.28,-656.39,0,2066.36,0,-27.42
2025-04-14,0,0.0,-49.73,-706.12,0,2066.36,0,-27.42
2025-04-15,0,0.0,20.38,-685.74,0,2066.36,0,-27.42
2025-04-16,0,0.0,-20.65,-706.39,0,2066.36,0,-27.42
2025-04-17,0,0.0,-53.79,-760.18,0,2066.36,0,-27.42
2025-04-18,0,0.0,-20.38,-780.56,0,2066.36,0,-27.42
2025-04-19,0,0.0,21.32,-759.24,0,2066.36,0,-27.42
2025-04-20,0,0.0,-27.39,-786.63,0,2066.36,0,-27.42
2025-04-21,-61.0,-61.0,19.6,-767.03,0,2066.36,0,-27.42
2025-04-22,-63.13,-124.13,-18.81,-785.84,0,2066.36,0,-27.42
2025-04-23,24.1,-100.03,-19.37,-805.21,0,2066.36,0,-27.42
2025-04-24,8.34,-91.69,19.82,-785.39,0,2066.36,0,-27.42
2025-04-25,14.92,-76.77,20.1,-765.29,0,2066.36,0,-27.42
2025-04-26,41.98,-34.79,-64.92,-830.21,0,2066.36,0,-27.42
2025-04-27,-16.39,-51.18,-49.88,-880.09,0,2066.36,0,-27.42
2025-04-28,-63.65,-114.83,20.54,-859.55,0,2066.36,0,-27.42
2025-04-29,-72.19,-187.02,-19.02,-878.57,0,2066.36,0,-27.42
2025-04-30,-114.27,-301.29,12.79,-865.78,0,2066.36,0,-27.42
2025-05-01,-86.31,-387.6,12.29,-853.49,0,2066.36,0,-27.42
2025-05-02,-61.12,-448.72,19.55,-833.94,0,2066.36,0,-27.42
2025-05-03,45.51,-403.21,-65.96,-899.9,0,2066.36,0,-27.42
2025-05-04,40.46,-362.75,-60.39,-960.29,0,2066.36,0,-27.42
2025-05-05,-34.55,-397.3,-28.21,-988.5,0,2066.36,0,-27.42
2025-05-06,49.87,-347.43,20.04,-968.46,0,2066.36,0,-27.42
2025-05-07,42.14,-305.29,-19.04,-987.5,0,2066.36,0,-27.42
2025-05-08,-58.31,-363.6,3.58,-983.92,0,2066.36,0,-27.42
2025-05-09,-95.49,-459.09,20.77,-963.15,0,2066.36,0,-27.42
2025-05-10,-62.58,-521.67,20.1,-943.05,0,2066.36,0,-27.42
2025-05-11,-26.0,-547.67,19.76,-923.29,0,2066.36,0,-27.42
2025-05-12,-67.13,-614.8,19.54,-903.75,0,2066.36,0,-27.42
2025-05-13,-70.08,-684.88,-57.98,-961.73,0,2066.36,0,-27.42
2025-05-14,-7.8,-692.68,-28.1,-989.83,0,2066.36,0,-27.42
2025-05-15,10.91,-681.77,21.38,-968.45,0,2066.36,0,-27.42
2025-05-16,-14.41,-696.18,-5.72,-974.17,0,2066.36,0,-27.42
2025-05-17,-45.44,-741.62,-16.17,-990.34,0,2066.36,0,-27.42
2025-05-18,-50.06,-791.68,-20.16,-1010.5,0,2066.36,0,-27.42
2025-05-19,52.35,-739.33,-28.12,-1038.62,0,2066.36,0,-27.42
2025-05-20,-30.43,-769.76,-47.88,-1086.5,0,2066.36,0,-27.42
2025-05-21,-9.43,-779.19,-64.7,-1151.2,0,2066.36,0,-27.42
2025-05-22,-83.73,-862.92,-26.39,-1177.59,0,2066.36,0,-27.42
2025-05-23,-81.81,-944.73,12.8,-1164.79,0,2066.36,0,-27.42
2025-05-24,52.72,-892.01,-26.47,-1191.26,0,2066.36,0,-27.42
2025-05-25,-9.26,-901.27,-19.08,-1210.34,0,2066.36,0,-27.42
2025-05-26,-51.13,-952.4,-53.8,-1264.14,0,2066.36,0,-27.42
2025-05-27,-60.65,-1013.05,-24.21,-1288.35,0,2066.36,0,-27.42
2025-05-28,-159.36,-1172.41,-19.81,-1308.16,0,2066.36,0,-27.42
2025-05-29,12.57,-1159.84,-115.92,-1424.08,0,2066.36,0,-27.42
2025-05-30,19.08,-1140.76,26.38,-1397.7,0,2066.36,0,-27.42
2025-05-31,-65.94,-1206.7,19.83,-1377.87,0,2066.36,0,-27.42
2025-06-01,24.1,-1182.6,19.88,-1357.99,0,2066.36,0,-27.42
2025-06-02,-2.39,-1184.99,-10.11,-1368.1,0,2066.36,0,-27.42
2025-06-03,18.82,-1166.17,-19.82,-1387.92,0,2066.36,0,-27.42
2025-06-04,13.58,-1152.59,-18.37,-1406.29,0,2066.36,0,-27.42
2025-06-05,-14.25,-1166.84,-19.04,-1425.33,0,2066.36,0,-27.42
2025-06-06,45.44,-1121.4,-19.31,-1444.64,0,2066.36,0,-27.42
2025-06-07,-14.41,-1135.81,15.48,-1429.16,0,2066.36,0,-27.42
2025-06-08,34.61,-1101.2,-26.32,-1455.48,0,2066.36,0,-27.42
2025-06-09,28.81,-1072.39,-20.26,-1475.74,0,2066.36,0,-27.42
2025-06-10,52.84,-1019.55,20.04,-1455.7,0,2066.36,0,-27.42
2025-06-11,-11.26,-1030.81,-28.74,-1484.44,0,2066.36,0,-27.42
2025-06-12,-124.23,-1155.04,-27.31,-1511.75,0,2066.36,0,-27.42
2025-06-13,-90.99,-1246.03,-20.37,-1532.12,0,2066.36,0,-27.42
2025-06-14,15.92,-1230.11,21.99,-1510.13,0,2066.36,0,-27.42
2025-06-15,19.08,-1211.03,-64.97,-1575.1,0,2066.36,0,-27.42
2025-06-16,53.14,-1157.89,-20.61,-1595.71,0,2066.36,0,-27.42
2025-06-17,-49.02,-1206.91,-5.23,-1600.94,0,2066.36,0,-27.42
2025-06-18,-67.68,-1274.59,-19.82,-1620.76,0,2066.36,0,-27.42
2025-06-19,-112.92,-1387.51,-23.3,-1644.06,0,2066.36,0,-27.42
2025-06-20,37.05,-1350.46,-20.37,-1664.43,0,2066.36,0,-27.42
2025-06-21,-111.02,-1461.48,-58.6,-1723.03,0,2066.36,0,-27.42
2025-06-22,52.02,-1409.46,-19.37,-1742.4,0,2066.36,0,-27.42
2025-06-23,-75.68,-1485.14,20.32,-1722.08,0,2066.36,0,-27.42
2025-06-24,50.62,-1434.52,20.11,-1701.97,0,2066.36,0,-27.42
2025-06-25,-156.34,-1590.86,12.01,-1689.96,0,2066.36,0,-27.42
2025-06-26,53.84,-1537.02,2.48,-1687.48,0,2066.36,0,-27.42
2025-06-27,20.0,-1517.02,-13.69,-1701.17,0,2066.36,0,-27.42
2025-06-28,10.73,-1506.29,-18.69,-1719.86,0,2066.36,0,-27.42
2025-06-29,26.66,-1479.63,20.04,-1699.82,0,2066.36,0,-27.42
2025-06-30,5.45,-1474.18,19.48,-1680.34,0,2066.36,0,-27.42
2025-07-01,-56.62,-1530.8,11.94,-1668.4,0,2066.36,0,-27.42
2025-07-02,56.38,-1474.42,20.38,-1648.02,0,2066.36,0,-27.42
2025-07-03,14.91,-1459.51,-65.32,-1713.34,0,2066.36,0,-27.42
2025-07-04,57.5,-1402.01,-19.98,-1733.32,0,2066.36,0,-27.42
2025-07-05,-32.36,-1434.37,-73.07,-1806.39,0,2066.36,0,-27.42
2025-07-06,22.79,-1411.58,-54.48,-1860.87,0,2066.36,0,-27.42
2025-07-07,24.62,-1386.96,-65.32,-1926.19,0,2066.36,0,-27.42
2025-07-08,-5.61,-1392.57,-9.13,-1935.32,0,2066.36,0,-27.42
2025-07-09,-85.5,-1478.07,-57.92,-1993.24,0,2066.36,0,-27.42
2025-07-10,30.71,-1447.36,-20.44,-2013.68,0,2066.36,0,-27.42
2025-07-11,34.52,-1412.84,-18.96,-2032.64,0,2066.36,0,-27.42
2025-07-12,50.89,-1361.95,12.29,-2020.35,0,2066.36,0,-27.42
2025-07-13,-6.95,-1368.9,20.82,-1999.53,0,2066.36,0,-27.42
2025-07-14,-13.82,-1382.72,-28.53,-2028.06,0,2066.36,0,-27.42
2025-07-15,9.08,-1373.64,21.16,-2006.9,0,2066.36,0,-27.42
2025-07-16,-100.15,-1473.79,-19.09,-2025.99,-48.0,2018.36,0,-27.42
2025-07-17,-47.19,-1520.98,-64.92,-2090.91,0,2018.36,0,-27.42
2025-07-18,-54.61,-1575.59,-93.5,-2184.41,0,2018.36,0,-27.42
2025-07-19,-9.99,-1585.58,-19.54,-2203.95,0,2018.36,0,-27.42
2025-07-20,17.28,-1568.3,-25.92,-2229.87,0,2018.36,0,-27.42
2025-07-21,-24.41,-1592.71,21.32,-2208.55,0,2018.36,0,-27.42
2025-07-22,44.83,-1547.88,13.08,-2195.47,0,2018.36,0,-27.42
2025-07-23,32.92,-1514.96,19.83,-2175.64,0,2018.36,0,-27.42
2025-07-24,14.86,-1500.1,-66.81,-2242.45,0,2018.36,0,-27.42
2025-07-25,31.14,-1468.96,19.76,-2222.69,0,2018.36,0,-27.42
2025-07-26,29.96,-1439.0,19.76,-2202.93,0,2018.36,0,-27.42
2025-07-27,-37.66,-1476.66,-19.04,-2221.97,0,2018.36,0,-27.42
2025-07-28,12.98,-1463.68,-19.88,-2241.85,0,2018.36,0,-27.42
2025-07-29,-117.83,-1581.51,13.4,-2228.45,0,2018.36,0,-27.42
2025-07-30,19.67,-1561.84,3.2,-2225.25,0,2018.36,0,-27.42
2025-07-31,-119.54,-1681.38,-26.76,-2252.01,0,2018.36,0,-27.42
2025-08-01,23.98,-1657.4,-96.38,-2348.39,0,2018.36,0,-27.42
2025-08-02,-82.34,-1739.74,20.32,-2328.07,0,2018.36,0,-27.42
2025-08-03,-28.67,-1768.41,-58.53,-2386.6,0,2018.36,0,-27.42
2025-08-04,-14.32,-1782.73,11.73,-2374.87,0,2018.36,0,-27.42
2025-08-05,49.13,-1733.6,-18.76,-2393.63,0,2018.36,0,-27.42
2025-08-06,11.64,-1721.96,12.79,-2380.84,0,2018.36,0,-27.42
2025-08-07,37.75,-1684.21,20.16,-2360.68,-48.0,1970.36,0,-27.42
2025-08-08,17.46,-1666.75,3.7,-2356.98,0,1970.36,0,-27.42
2025-08-09,-106.69,-1773.44,12.54,-2344.44,0,1970.36,0,-27.42
2025-08-10,58.32,-1715.12,20.39,-2324.05,0,1970.36,0,-27.42
2025-08-11,17.37,-1697.75,19.76,-2304.29,0,1970.36,0,-27.42
2025-08-12,-43.78,-1741.53,12.07,-2292.22,0,1970.36,0,-27.42
2025-08-13,18.24,-1723.29,20.39,-2271.83,0,1970.36,0,-27.42
2025-08-14,37.85,-1685.44,-67.51,-2339.34,0,1970.36,0,-27.42
2025-08-15,-88.99,-1774.43,-24.78,-2364.12,0,1970.36,0,-27.42
2025-08-16,54.33,-1720.1,21.98,-2342.14,0,1970.36,0,-27.42
2025-08-17,18.53,-1701.57,-19.18,-2361.32,0,1970.36,0,-27.42
2025-08-18,12.98,-1688.59,20.11,-2341.21,0,1970.36,0,-27.42
2025-08-19,44.45,-1644.14,12.92,-2328.29,0,1970.36,0,-27.42
2025-08-20,-92.66,-1736.8,-59.2,-2387.49,0,1970.36,0,-27.42
2025-08-21,-128.96,-1865.76,20.48,-2367.01,0,1970.36,0,-27.42
2025-08-22,-39.14,-1904.9,20.16,-2346.85,0,1970.36,0,-27.42
2025-08-23,-63.08,-1967.98,-93.55,-2440.4,0,1970.36,0,-27.42
2025-08-24,-79.39,-2047.37,-19.3,-2459.7,0,1970.36,0,-27.42
2025-08-25,9.98,-2037.39,11.94,-2447.76,0,1970.36,0,-27.42
2025-08-26,-51.88,-2089.27,-19.53,-2467.29,0,1970.36,0,-27.42
2025-08-27,51.96,-2037.31,-64.69,-2531.98,0,1970.36,0,-27.42
2025-08-28,-43.17,-2080.48,-22.61,-2554.59,0,1970.36,0,-27.42
2025-08-29,-53.89,-2134.37,20.04,-2534.55,0,1970.36,0,-27.42
2025-08-30,-13.7,-2148.07,20.11,-2514.44,0,1970.36,0,-27.42
2025-08-31,-59.98,-2208.05,20.32,-2494.12,0,1970.36,0,-27.42
2025-09-01,-15.15,-2223.2,-28.67,-2522.79,0,1970.36,0,-27.42
2025-09-02,54.3,-2168.9,21.61,-2501.18,0,1970.36,0,-27.42
2025-09-03,48.9,-2120.0,-64.64,-2565.82,0,1970.36,0,-27.42
2025-09-04,49.6,-2070.4,26.32,-2539.5,0,1970.36,0,-27.42
2025-09-05,52.5,-2017.9,20.66,-2518.84,0,1970.36,0,-27.42
2025-09-06,-189.15,-2207.05,19.83,-2499.01,0,1970.36,0,-27.42
2025-09-07,27.74,-2179.31,-70.38,-2569.39,0,1970.36,0,-27.42
2025-09-08,3.14,-2176.17,20.04,-2549.35,0,1970.36,0,-27.42
2025-09-09,-84.12,-2260.29,20.16,-2529.19,0,1970.36,0,-27.42
2025-09-10,57.1,-2203.19,-19.53,-2548.72,0,1970.36,0,-27.42
2025-09-11,-12.3,-2215.49,20.32,-2528.4,0,1970.36,0,-27.42
2025-09-12,46.73,-2168.76,19.82,-2508.58,0,1970.36,0,-27.42
2025-09-13,9.6,-2159.16,13.36,-2495.22,0,1970.36,0,-27.42
2025-09-14,-25.54,-2184.7,19.82,-2475.4,0,1970.36,0,-27.42
2025-09-15,-74.16,-2258.86,20.44,-2454.96,0,1970.36,0,-27.42
2025-09-16,-53.36,-2312.22,-50.95,-2505.91,0,1970.36,0,-27.42
2025-09-17,23.84,-2288.38,20.72,-2485.19,0,1970.36,0,-27.42
2025-09-18,21.18,-2267.2,-64.2,-2549.39,0,1970.36,0,-27.42
2025-09-19,-2.19,-2269.39,28.6,-2520.79,0,1970.36,0,-27.42
2025-09-20,-54.76,-2324.15,-6.41,-2527.2,0,1970.36,0,-27.42
2025-09-21,-27.9,-2352.05,-3.97,-2531.17,0,1970.36,0,-27.42
2025-09-22,1.57,-2350.48,44.44,-2486.73,0,1970.36,0,-27.42
2025-09-23,-37.99,-2388.47,8.37,-2478.36,0,1970.36,0,-27.42
2025-09-24,63.44,-2325.03,-5.37,-2483.73,0,1970.36,0,-27.42
2025-09-25,34.73,-2290.3,-77.17,-2560.9,0,1970.36,0,-27.42
2025-09-26,23.64,-2266.66,-12.86,-2573.76,0,1970.36,0,-27.42
2025-09-27,28.83,-2237.83,-44.84,-2618.6,0,1970.36,0,-27.42
2025-09-28,74.52,-2163.31,45.32,-2573.28,0,1970.36,0,-27.42
2025-09-29,-8.25,-2171.56,24.67,-2548.61,0,1970.36,0,-27.42
2025-09-30,-16.42,-2187.98,-32.4,-2581.01,0,1970.36,0,-27.42
2025-10-01,12.73,-2175.25,-45.62,-2626.63,0,1970.36,0,-27.42
2025-10-02,-89.47,-2264.72,-6.09,-2632.72,0,1970.36,0,-27.42
2025-10-03,65.38,-2199.34,-5.19,-2637.91,0,1970.36,0,-27.42
2025-10-04,29.87,-2169.47,-108.92,-2746.83,0,1970.36,0,-27.42
2025-10-05,48.37,-2121.1,45.12,-2701.71,0,1970.36,0,-27.42
2025-10-06,-3.59,-2124.69,45.47,-2656.24,0,1970.36,0,-27.42
2025-10-07,-35.02,-2159.71,27.83,-2628.41,0,1970.36,0,-27.42
2025-10-08,-125.24,-2284.95,-25.74,-2654.15,0,1970.36,0,-27.42
2025-10-09,-92.34,-2377.29,-30.5,-2684.65,0,1970.36,0,-27.42
2025-10-10,-0.67,-2377.96,29.9,-2654.75,0,1970.36,0,-27.42
2025-10-11,-41.63,-2419.59,-27.79,-2682.54,0,1970.36,0,-27.42
2025-10-12,32.49,-2387.1,-61.06,-2743.6,0,1970.36,0,-27.42
2025-10-13,40.54,-2346.56,-12.58,-2756.18,0,1970.36,0,-27.42
2025-10-14,-73.18,-2419.74,44.12,-2712.06,0,1970.36,0,-27.42
2025-10-15,65.17,-2354.57,26.95,-2685.11,0,1970.36,0,-27.42
2025-10-16,-134.71,-2489.28,-12.0,-2697.11,0,1970.36,0,-27.42
2025-10-17,-136.0,-2625.28,-19.36,-2716.47,0,1970.36,0,-27.42
2025-10-18,-16.3,-2641.58,39.5,-2676.97,0,1970.36,0,-27.42
2025-10-19,30.96,-2610.62,-8.14,-2685.11,0,1970.36,0,-27.42
2025-10-20,-100.75,-2711.37,-37.48,-2722.59,0,1970.36,0,-27.42
2025-10-21,-65.83,-2777.2,33.93,-2688.66,0,1970.36,0,-27.42
2025-10-22,-27.86,-2805.06,-79.93,-2768.59,0,1970.36,0,-27.42
2025-10-23,-88.78,-2893.84,-50.02,-2818.61,0,1970.36,0,-27.42
2025-10-24,35.4,-2858.44,-62.71,-2881.32,0,1970.36,0,-27.42
2025-10-25,57.36,-2801.08,-92.78,-2974.1,0,1970.36,0,-27.42
2025-10-26,-1.96,-2803.04,-46.84,-3020.94,0,1970.36,0,-27.42
2025-10-27,64.9,-2738.14,25.35,-2995.59,0,1970.36,0,-27.42
2025-10-28,-93.01,-2831.15,7.77,-2987.82,0,1970.36,0,-27.42
2025-10-29,66.44,-2764.71,-41.98,-3029.8,0,1970.36,0,-27.42
2025-10-30,-16.43,-2781.14,27.88,-3001.92,0,1970.36,0,-27.42
2025-10-31,32.98,-2748.16,20.04,-2981.88,0,1970.36,0,-27.42
2025-11-01,61.91,-2686.25,37.9,-2943.98,0,1970.36,0,-27.42
2025-11-02,2.76,-2683.49,-26.72,-2970.7,0,1970.36,0,-27.42
2025-11-03,46.45,-2637.04,38.43,-2932.27,0,1970.36,0,-27.42
2025-11-04,5.45,-2631.59,-14.9,-2947.17,0,1970.36,0,-27.42
2025-11-05,1.89,-2629.7,-7.64,-2954.81,0,1970.36,0,-27.42
2025-11-06,-98.79,-2728.49,-18.42,-2973.23,0,1970.36,0,-27.42
2025-11-07,-113.08,-2841.57,7.55,-2965.68,0,1970.36,0,-27.42
2025-11-08,38.52,-2803.05,10.0,-2955.68,0,1970.36,0,-27.42
2025-11-09,5.73,-2797.32,-122.28,-3077.96,0,1970.36,0,-27.42
2025-11-10,-102.41,-2899.73,41.24,-3036.72,0,1970.36,0,-27.42
2025-11-11,-32.71,-2932.44,-36.29,-3073.01,0,1970.36,0,-27.42
2025-11-12,-17.8,-2950.24,-44.67,-3117.68,0,1970.36,0,-27.42
2025-11-13,46.65,-2903.59,7.32,-3110.36,0,1970.36,0,-27.42
2025-11-14,-60.06,-2963.65,-6.53,-3116.89,0,1970.36,0,-27.42
2025-11-15,47.1,-2916.55,-73.85,-3190.74,0,1970.36,0,-27.42
2025-11-16,-41.68,-2958.23,23.9,-3166.84,0,1970.36,0,-27.42
2025-11-17,47.1,-2911.13,-41.34,-3208.18,0,1970.36,0,-27.42
2025-11-18,-0.52,-2911.65,-100.53,-3308.71,0,1970.36,0,-27.42
2025-11-19,23.96,-2887.69,32.68,-3276.03,0,1970.36,0,-27.42
2025-11-20,-45.84,-2933.53,-4.65,-3280.68,0,1970.36,0,-27.42
2025-11-21,-93.51,-3027.04,-13.32,-3294.0,0,1970.36,0,-27.42
2025-11-22,-72.83,-3099.87,37.42,-3256.58,0,1970.36,0,-27.42
2025-11-23,-108.42,-3208.29,-6.18,-3262.76,0,1970.36,0,-27.42
2025-11-24,66.76,-3141.53,-117.1,-3379.86,0,1970.36,0,-27.42
2025-11-25,-28.08,-3169.61,-4.24,-3384.1,0,1970.36,0,-27.42
2025-11-26,-123.06,-3292.67,-33.63,-3417.73,0,1970.36,0,-27.42
2025-11-27,-47.1,-3339.77,-93.38,-3511.11,0,1970.36,0,-27.42
2025-11-28,-42.23,-3382.0,-34.91,-3546.02,0,1970.36,0,-27.42
2025-11-29,-94.09,-3476.09,-6.86,-3552.88,0,1970.36,0,-27.42
2025-11-30,-32.03,-3508.12,-13.27,-3566.15,0,1970.36,0,-27.42
2025-12-01,-67.9,-3576.02,-45.18,-3611.33,0,1970.36,0,-27.42
2025-12-02,-73.79,-3649.81,-74.84,-3686.17,0,1970.36,0,-27.42
2025-12-03,33.75,-3616.06,35.48,-3650.69,0,1970.36,0,-27.42
2025-12-04,-110.6,-3726.66,-3.58,-3654.27,0,1970.36,0,-27.42
2025-12-05,-8.87,-3735.53,-35.15,-3689.42,0,1970.36,0,-27.42
2025-12-06,-5.81,-3741.34,45.55,-3643.87,0,1970.36,0,-27.42
2025-12-07,-55.04,-3796.38,-76.56,-3720.43,0,1970.36,0,-27.42
2025-12-08,-5.72,-3802.1,-2.44,-3722.87,0,1970.36,0,-27.42
2025-12-09,24.42,-3777.68,-63.5,-3786.37,0,1970.36,0,-27.42
2025-12-10,-27.67,-3805.35,-2.39,-3788.76,0,1970.36,0,-27.42
2025-12-11,6.03,-3799.32,-3.94,-3792.7,0,1970.36,0,-27.42
2025-12-12,-16.56,-3815.88,45.03,-3747.67,0,1970.36,0,-27.42
2025-12-13,34.94,-3780.94,-13.67,-3761.34,0,1970.36,0,-27.42
2025-12-14,-84.63,-3865.57,-27.61,-3788.95,0,1970.36,0,-27.42
2025-12-15,-68.59,-3934.16,33.24,-3755.71,0,1970.36,0,-27.42
2025-12-16,-0.63,-3934.79,33.04,-3722.67,0,1970.36,0,-27.42
2025-12-17,-36.88,-3971.67,35.6,-3687.07,0,1970.36,0,-27.42
2025-12-18,46.47,-3925.2,1.54,-3685.53,0,1970.36,0,-27.42
2025-12-19,-23.22,-3948.42,33.39,-3652.14,0,1970.36,0,-27.42
2025-12-20,31.28,-3917.14,16.87,-3635.27,0,1970.36,0,-27.42
2025-12-21,-23.79,-3940.93,-59.03,-3694.3,0,1970.36,0,-27.42
2025-12-22,13.84,-3927.09,-5.36,-3699.66,0,1970.36,0,-27.42
2025-12-23,-109.02,-4036.11,-15.49,-3715.15,0,1970.36,0,-27.42
2025-12-24,-11.77,-4047.88,-4.02,-3719.17,0,1970.36,0,-27.42
2025-12-25,-55.19,-4103.07,-34.26,-3753.43,0,1970.36,0,-27.42
2025-12-26,-94.2,-4197.27,18.85,-3734.58,0,1970.36,0,-27.42
2025-12-27,23.37,-4173.9,-4.2,-3738.78,0,1970.36,0,-27.42
2025-12-28,-91.18,-4265.08,-21.05,-3759.83,0,1970.36,0,-27.42
2025-12-29,-76.96,-4342.04,-4.3,-3764.13,0,1970.36,0,-27.42
2025-12-30,52.14,-4289.9,3.09,-3761.04,0,1970.36,0,-27.42
2025-12-31,31.87,-4258.03,38.44,-3722.6,0,1970.36,0,-27.42
2026-01-01,46.95,-4211.08,6.23,-3716.37,0,1970.36,0,-27.42
2026-01-02,-120.6,-4331.68,39.66,-3676.71,0,1970.36,0,-27.42
2026-01-03,-92.61,-4424.29,46.76,-3629.95,0,1970.36,0,-27.42
2026-01-04,-17.69,-4441.98,26.8,-3603.15,0,1970.36,0,-27.42
2026-01-05,-7.42,-4449.4,38.22,-3564.93,0,1970.36,0,-27.42
2026-01-06,-51.38,-4500.78,-28.12,-3593.05,0,1970.36,0,-27.42
2026-01-07,76.33,-4424.45,-62.99,-3656.04,0,1970.36,0,-27.42
2026-01-08,38.27,-4386.18,34.94,-3621.1,0,1970.36,0,-27.42
2026-01-09,18.27,-4367.91,45.57,-3575.53,0,1970.36,0,-27.42
2026-01-10,45.46,-4322.45,-5.31,-3580.84,0,1970.36,0,-27.42
2026-01-11,-79.3,-4401.75,44.73,-3536.11,0,1970.36,0,-27.42
2026-01-12,-15.94,-4417.69,18.96,-3517.15,0,1970.36,0,-27.42
2026-01-13,28.13,-4389.56,-90.94,-3608.09,0,1970.36,0,-27.42
2026-01-14,-63.66,-4453.22,-35.79,-3643.88,0,1970.36,0,-27.42
2026-01-15,26.55,-4426.67,6.84,-3637.04,0,1970.36,0,-27.42
2026-01-16,-44.91,-4471.58,-69.92,-3706.96,0,1970.36,0,-27.42
2026-01-17,-71.89,-4543.47,44.59,-3662.37,0,1970.36,0,-27.42
2026-01-18,-45.2,-4588.67,-45.12,-3707.49,0,1970.36,0,-27.42
2026-01-19,-31.24,-4619.91,-25.7,-3733.19,0,1970.36,0,-27.42
2026-01-20,30.7,-4589.21,-15.68,-3748.87,0,1970.36,0,-27.42
2026-01-21,-29.48,-4618.69,-80.4,-3829.27,0,1970.36,0,-27.42
2026-01-22,-6.32,-4625.01,21.01,-3808.26,0,1970.36,0,-27.42
2026-01-23,-41.9,-4666.91,-50.0,-3858.26,0,1970.36,0,-27.42
2026-01-24,10.44,-4656.47,39.74,-3818.52,0,1970.36,0,-27.42
2026-01-25,-48.19,-4704.66,38.18,-3780.34,0,1970.36,0,-27.42
2026-01-26,4.69,-4699.97,-92.36,-3872.7,0,1970.36,0,-27.42
2026-01-27,43.67,-4656.3,-12.62,-3885.32,0,1970.36,0,-27.42
2026-01-28,-103.16,-4759.46,-2.75,-3888.07,0,1970.36,0,-27.42
2026-01-29,-69.77,-4829.23,-34.21,-3922.28,0,1970.36,0,-27.42
2026-01-30,53.97,-4775.26,-95.1,-4017.38,0,1970.36,0,-27.42
2026-01-31,-108.22,-4883.48,-76.41,-4093.79,0,1970.36,0,-27.42
2026-02-01,12.66,-4870.82,-12.01,-4105.8,0,1970.36,0,-27.42
2026-02-02,-70.63,-4941.45,-3.01,-4108.81,0,1970.36,0,-27.42
2026-02-03,58.63,-4882.82,46.65,-4062.16,0,1970.36,0,-27.42
2026-02-04,-93.15,-4975.97,26.32,-4035.84,0,1970.36,0,-27.42
2026-02-05,-52.42,-5028.39,-47.43,-4083.27,0,1970.36,0,-27.42
2026-02-06,46.83,-4981.56,6.88,-4076.39,0,1970.36,0,-27.42
2026-02-07,72.64,-4908.92,-3.58,-4079.97,0,1970.36,0,-27.42
2026-02-08,-34.39,-4943.31,-29.18,-4109.15,0,1970.36,0,-27.42
2026-02-09,5.18,-4938.13,2.03,-4107.12,0,1970.36,0,-27.42
2026-02-10,-111.16,-5049.29,-46.99,-4154.11,0,1970.36,0,-27.42
2026-02-11,-38.57,-5087.86,9.39,-4144.72,0,1970.36,0,-27.42
2026-02-12,24.32,-5063.54,-76.86,-4221.58,0,1970.36,0,-27.42
2026-02-13,39.5,-5024.04,-67.18,-4288.76,0,1970.36,0,-27.42
2026-02-14,-48.98,-5073.02,-44.2,-4332.96,0,1970.36,0,-27.42
2026-02-15,25.35,-5047.67,-124.17,-4457.13,0,1970.36,0,-27.42
2026-02-16,-78.2,-5125.87,-48.67,-4505.8,0,1970.36,0,-27.42
2026-02-17,-39.41,-5165.28,-2.71,-4508.51,0,1970.36,0,-27.42
2026-02-18,-10.28,-5175.56,-13.0,-4521.51,0,1970.36,0,-27.42
2026-02-19,-6.31,-5181.87,27.34,-4494.17,0,1970.36,0,-27.42
2026-02-20,-100.19,-5282.06,-108.84,-4603.01,0,1970.36,0,-27.42
2026-02-21,-15.85,-5297.91,-98.09,-4701.1,0,1970.36,0,-27.42
2026-02-22,-73.99,-5371.9,6.37,-4694.73,0,1970.36,0,-27.42
2026-02-23,40.9,-5331.0,11.32,-4683.41,0,1970.36,0,-27.42
2026-02-24,-112.97,-5443.97,44.78,-4638.63,0,1970.36,0,-27.42
2026-02-25,-91.35,-5535.32,-43.98,-4682.61,0,1970.36,0,-27.42
2026-02-26,-64.26,-5599.58,38.41,-4644.2,0,1970.36,0,-27.42
2026-02-27,2.7,-5596.88,-61.78,-4705.98,0,1970.36,0,-27.42
2026-02-28,0.91,-5595.97,45.72,-4660.26,0,1970.36,0,-27.42
2026-03-01,-99.72,-5695.69,44.4,-4615.86,0,1970.36,0,-27.42
2026-03-02,0.33,-5695.36,-17.52,-4633.38,0,1970.36,0,-27.42
2026-03-03,-15.77,-5711.13,45.6,-4587.78,0,1970.36,0,-27.42
2026-03-04,-122.33,-5833.46,-3.37,-4591.15,0,1970.36,0,-27.42
2026-03-05,31.15,-5802.31,-5.89,-4597.04,0,1970.36,0,-27.42
2026-03-06,-83.32,-5885.63,6.45,-4590.59,0,1970.36,0,-27.42
2026-03-07,-18.8,-5904.43,19.9,-4570.69,0,1970.36,0,-27.42
2026-03-08,-31.22,-5935.65,8.12,-4562.57,0,1970.36,0,-27.42
2026-03-09,-1.47,-5937.12,-23.94,-4586.51,0,1970.36,0,-27.42
2026-03-10,-48.98,-5986.1,-13.66,-4600.17,0,1970.36,0,-27.42
2026-03-11,-39.36,-6025.46,-3.41,-4603.58,0,1970.36,0,-27.42
2026-03-12,-115.13,-6140.59,35.83,-4567.75,0,1970.36,0,-27.42
2026-03-13,56.45,-6084.14,-38.74,-4606.49,0,1970.36,0,-27.42
2026-03-14,-22.16,-6106.3,6.76,-4599.73,0,1970.36,0,-27.42
2026-03-15,-83.34,-6189.64,38.02,-4561.71,0,1970.36,0,-27.42
2026-03-16,-79.8,-6269.44,19.49,-4542.22,0,1970.36,0,-27.42
2026-03-17,65.72,-6203.72,-96.58,-4638.8,0,1970.36,0,-27.42
2026-03-18,-97.46,-6301.18,6.87,-4631.93,0,1970.36,0,-27.42
2026-03-19,0,-6301.18,11.02,-4620.91,0,1970.36,0,-27.42
